name,play
FIRST LORD,AS YOU LIKE IT
FIRST SENATOR,TWO BRITISH CAPTAINS
VARRIUS,THE TRAGEDY OF ANTONY AND CLEOPATRA
THIRD GUARD,THE TRAGEDY OF ANTONY AND CLEOPATRA
LUCE,THE COMEDY OF ERRORS
FIRST SOLDIER,TWO VOLSCIAN GUARDS
PHILARIO,TWO BRITISH CAPTAINS
POSTHUMUS,TWO BRITISH CAPTAINS
FIRST WATCH,TWO VOLSCIAN GUARDS
AUDREY,AS YOU LIKE IT
ALL,TWO VOLSCIAN GUARDS
YOUNG MARTIUS,TWO VOLSCIAN GUARDS
SECOND OFFICER,TWO VOLSCIAN GUARDS
CLOWN,THE TRAGEDY OF ANTONY AND CLEOPATRA
SECOND CONSPIRATOR,TWO VOLSCIAN GUARDS
GUIDERIUS,TWO BRITISH CAPTAINS
SENATOR,TWO VOLSCIAN GUARDS
MESSENGER,VENUS AND ADONIS
SECOND SOLDIER,THE TRAGEDY OF ANTONY AND CLEOPATRA
BELARIUS,TWO BRITISH CAPTAINS
PHOEBE,AS YOU LIKE IT
DUKE,THE COMEDY OF ERRORS
FIRST SERVINGMAN,TWO VOLSCIAN GUARDS
LORDS,TWO VOLSCIAN GUARDS
STEWARD,VENUS AND ADONIS
CITIZENS,TWO VOLSCIAN GUARDS
FIRST CONSPIRATOR,TWO VOLSCIAN GUARDS
FIRST WATCH,THE TRAGEDY OF ANTONY AND CLEOPATRA
FIRST PAGE,AS YOU LIKE IT
PHILO,THE TRAGEDY OF ANTONY AND CLEOPATRA
ANTIPHOLUS OF SYRACUSE,THE COMEDY OF ERRORS
VOLUMNIA,TWO VOLSCIAN GUARDS
CAESAR,THE TRAGEDY OF ANTONY AND CLEOPATRA
DUKE FREDERICK,AS YOU LIKE IT
SECOND GENTLEMAN,TWO BRITISH CAPTAINS
LUCIUS,TWO BRITISH CAPTAINS
DUKE,VENUS AND ADONIS
DEMETRIUS,THE TRAGEDY OF ANTONY AND CLEOPATRA
CHARMIAN,THE TRAGEDY OF ANTONY AND CLEOPATRA
QUEEN,TWO BRITISH CAPTAINS
THIRD MESSENGER,THE TRAGEDY OF ANTONY AND CLEOPATRA
SECOND MESSENGER,THE TRAGEDY OF ANTONY AND CLEOPATRA
SELEUCUS,THE TRAGEDY OF ANTONY AND CLEOPATRA
ANGELO,THE COMEDY OF ERRORS
ALL CONSPIRATORS,TWO VOLSCIAN GUARDS
LADY,TWO BRITISH CAPTAINS
DUKE SENIOR,AS YOU LIKE IT
SECOND SOLDIER,VENUS AND ADONIS
SICINIUS,TWO VOLSCIAN GUARDS
TITUS LARTIUS,TWO VOLSCIAN GUARDS
JAILER,THE COMEDY OF ERRORS
SECOND LORD,TWO BRITISH CAPTAINS
HELENA,VENUS AND ADONIS
FIRST GENTLEMAN,TWO BRITISH CAPTAINS
ATTENDANT,TWO BRITISH CAPTAINS
VENTIDIUS,THE TRAGEDY OF ANTONY AND CLEOPATRA
LEPIDUS,THE TRAGEDY OF ANTONY AND CLEOPATRA
ALL THREE CITIZENS,TWO VOLSCIAN GUARDS
PAROLLES,VENUS AND ADONIS
FOURTH LORD,VENUS AND ADONIS
ABBESS,THE COMEDY OF ERRORS
ALL LORDS,TWO VOLSCIAN GUARDS
IMOGEN,TWO BRITISH CAPTAINS
THIRD CONSPIRATOR,TWO VOLSCIAN GUARDS
THIRD SOLDIER,THE TRAGEDY OF ANTONY AND CLEOPATRA
LE BEAU,AS YOU LIKE IT
ALL,THE TRAGEDY OF ANTONY AND CLEOPATRA
LUCIANA,THE COMEDY OF ERRORS
SECOND LORD,TWO VOLSCIAN GUARDS
WILLIAM,AS YOU LIKE IT
FIRST LORD,TWO VOLSCIAN GUARDS
LAFEW,VENUS AND ADONIS
CITIZEN,TWO VOLSCIAN GUARDS
ALL,VENUS AND ADONIS
VOLSCE,TWO VOLSCIAN GUARDS
MENECRATES,THE TRAGEDY OF ANTONY AND CLEOPATRA
LIEUTENANT,TWO VOLSCIAN GUARDS
JAQUES DE BOYS,AS YOU LIKE IT
MERCHANT,THE COMEDY OF ERRORS
KING,VENUS AND ADONIS
PAGE,VENUS AND ADONIS
THIRD SERVINGMAN,TWO VOLSCIAN GUARDS
MENAS,THE TRAGEDY OF ANTONY AND CLEOPATRA
CANIDIUS,THE TRAGEDY OF ANTONY AND CLEOPATRA
MESSENGER,THE COMEDY OF ERRORS
CAPTAIN,THE TRAGEDY OF ANTONY AND CLEOPATRA
SECOND SERVINGMAN,TWO VOLSCIAN GUARDS
MARDIAN,THE TRAGEDY OF ANTONY AND CLEOPATRA
AMIENS,AS YOU LIKE IT
SECOND WATCH,TWO VOLSCIAN GUARDS
FIRST GENTLEMAN,VENUS AND ADONIS
ADAM,AS YOU LIKE IT
AUFIDIUS,TWO VOLSCIAN GUARDS
PATRICIAN,TWO VOLSCIAN GUARDS
WIDOW,VENUS AND ADONIS
AMBASSADOR,THE TRAGEDY OF ANTONY AND CLEOPATRA
BALTHASAR,THE COMEDY OF ERRORS
SECOND SOLDIER,TWO VOLSCIAN GUARDS
CLOTEN,TWO BRITISH CAPTAINS
HERALD,TWO VOLSCIAN GUARDS
SOOTHSAYER,TWO BRITISH CAPTAINS
FIRST CITIZEN,TWO VOLSCIAN GUARDS
SECOND SENATOR,TWO VOLSCIAN GUARDS
SECOND ROMAN,TWO VOLSCIAN GUARDS
AEDILES,TWO VOLSCIAN GUARDS
MARIANA,VENUS AND ADONIS
POMPEY,THE TRAGEDY OF ANTONY AND CLEOPATRA
ROSALIND,AS YOU LIKE IT
SECOND SENATOR,TWO BRITISH CAPTAINS
AGRIPPA,THE TRAGEDY OF ANTONY AND CLEOPATRA
PISANIO,TWO BRITISH CAPTAINS
SILIUS,THE TRAGEDY OF ANTONY AND CLEOPATRA
CORIN,AS YOU LIKE IT
COURTESAN,THE COMEDY OF ERRORS
DOLABELLA,THE TRAGEDY OF ANTONY AND CLEOPATRA
FIRST SOLDIER,THE TRAGEDY OF ANTONY AND CLEOPATRA
SECOND LORD,VENUS AND ADONIS
SOOTHSAYER,THE TRAGEDY OF ANTONY AND CLEOPATRA
SECOND GUARD,THE TRAGEDY OF ANTONY AND CLEOPATRA
SECOND GENTLEMAN,VENUS AND ADONIS
TRIBUNES,TWO VOLSCIAN GUARDS
BOTH,VENUS AND ADONIS
FOURTH SOLDIER,THE TRAGEDY OF ANTONY AND CLEOPATRA
DROMIO OF SYRACUSE,THE COMEDY OF ERRORS
SECOND SERVANT,THE TRAGEDY OF ANTONY AND CLEOPATRA
SECOND LORD,AS YOU LIKE IT
ARVIRAGUS,TWO BRITISH CAPTAINS
FIRST ROMAN,TWO VOLSCIAN GUARDS
TAURUS,THE TRAGEDY OF ANTONY AND CLEOPATRA
CELIA,AS YOU LIKE IT
FIRST LORD,TWO BRITISH CAPTAINS
JAQUES,AS YOU LIKE IT
SENATORS,TWO VOLSCIAN GUARDS
FIFTH CITIZEN,TWO VOLSCIAN GUARDS
ALL PLEBEIANS,TWO VOLSCIAN GUARDS
MESSENGER,TWO BRITISH CAPTAINS
THIDIAS,THE TRAGEDY OF ANTONY AND CLEOPATRA
THIRD ROMAN,TWO VOLSCIAN GUARDS
OCTAVIA,THE TRAGEDY OF ANTONY AND CLEOPATRA
SECOND PAGE,AS YOU LIKE IT
VIRGILIA,TWO VOLSCIAN GUARDS
ANTONY,THE TRAGEDY OF ANTONY AND CLEOPATRA
IRAS,THE TRAGEDY OF ANTONY AND CLEOPATRA
DIOMEDES,THE TRAGEDY OF ANTONY AND CLEOPATRA
MARTEXT,AS YOU LIKE IT
THIRD LORD,TWO VOLSCIAN GUARDS
MAECENAS,THE TRAGEDY OF ANTONY AND CLEOPATRA
BOTH,THE TRAGEDY OF ANTONY AND CLEOPATRA
SECOND MESSENGER,TWO VOLSCIAN GUARDS
TRIBUNE,TWO BRITISH CAPTAINS
MARTIUS,TWO VOLSCIAN GUARDS
CAPTAIN,TWO BRITISH CAPTAINS
FIRST GUARD,THE TRAGEDY OF ANTONY AND CLEOPATRA
SONG,AS YOU LIKE IT
LORD,TWO BRITISH CAPTAINS
ROMAN,TWO VOLSCIAN GUARDS
ALEXAS,THE TRAGEDY OF ANTONY AND CLEOPATRA
ORLANDO,AS YOU LIKE IT
VALERIA,TWO VOLSCIAN GUARDS
MESSENGER,TWO VOLSCIAN GUARDS
BOTH TRIBUNES,TWO VOLSCIAN GUARDS
SERVANT,THE TRAGEDY OF ANTONY AND CLEOPATRA
LARTIUS,TWO VOLSCIAN GUARDS
DIANA,VENUS AND ADONIS
GUARDSMAN,THE TRAGEDY OF ANTONY AND CLEOPATRA
GENTLEMAN,VENUS AND ADONIS
BERTRAM,VENUS AND ADONIS
TOUCHSTONE,AS YOU LIKE IT
MESSENGER,THE TRAGEDY OF ANTONY AND CLEOPATRA
ENOBARBUS,THE TRAGEDY OF ANTONY AND CLEOPATRA
PROCULEIUS,THE TRAGEDY OF ANTONY AND CLEOPATRA
FIRST SERVANT,THE TRAGEDY OF ANTONY AND CLEOPATRA
CHARLES,AS YOU LIKE IT
COMINIUS,TWO VOLSCIAN GUARDS
THE SONG,THE TRAGEDY OF ANTONY AND CLEOPATRA
ALL CITIZENS,TWO VOLSCIAN GUARDS
BOTH,TWO BRITISH CAPTAINS
EGYPTIAN,THE TRAGEDY OF ANTONY AND CLEOPATRA
SENTRY,THE TRAGEDY OF ANTONY AND CLEOPATRA
PAGES,AS YOU LIKE IT
CORNELIUS,TWO BRITISH CAPTAINS
SCARUS,THE TRAGEDY OF ANTONY AND CLEOPATRA
MENENIUS,TWO VOLSCIAN GUARDS
BRUTUS,TWO VOLSCIAN GUARDS
FIRST OFFICER,TWO VOLSCIAN GUARDS
FIRST LORD,VENUS AND ADONIS
DERCETUS,THE TRAGEDY OF ANTONY AND CLEOPATRA
GENTLEWOMAN,TWO VOLSCIAN GUARDS
BOTH CITIZENS,TWO VOLSCIAN GUARDS
DROMIO OF EPHESUS,THE COMEDY OF ERRORS
SECOND CITIZEN,TWO VOLSCIAN GUARDS
SIXTH CITIZEN,TWO VOLSCIAN GUARDS
SEVENTH CITIZEN,TWO VOLSCIAN GUARDS
ANTIPHOLUS OF EPHESUS,THE COMEDY OF ERRORS
SOLDIER,TWO VOLSCIAN GUARDS
FIRST PATRICIAN,TWO VOLSCIAN GUARDS
FIRST SOLDIER,VENUS AND ADONIS
CLEOPATRA,THE TRAGEDY OF ANTONY AND CLEOPATRA
HYMEN,AS YOU LIKE IT
OFFICER,THE TRAGEDY OF ANTONY AND CLEOPATRA
ADRIANA,THE COMEDY OF ERRORS
THIRD CITIZEN,TWO VOLSCIAN GUARDS
ALL PATRICIANS,TWO VOLSCIAN GUARDS
AEDILE,TWO VOLSCIAN GUARDS
OFFICER,THE COMEDY OF ERRORS
OFFICER,TWO VOLSCIAN GUARDS
KING OF FRANCE,VENUS AND ADONIS
THE DUKE OF FLORENCE,VENUS AND ADONIS
EROS,THE TRAGEDY OF ANTONY AND CLEOPATRA
SILVIUS,AS YOU LIKE IT
EGEON,THE COMEDY OF ERRORS
DIANA CAPILET,VENUS AND ADONIS
PINCH,THE COMEDY OF ERRORS
CYMBELINE,TWO BRITISH CAPTAINS
ALL THE SERVANTS,THE TRAGEDY OF ANTONY AND CLEOPATRA
SECOND WATCH,THE TRAGEDY OF ANTONY AND CLEOPATRA
FRENCHMAN,TWO BRITISH CAPTAINS
FOURTH CITIZEN,TWO VOLSCIAN GUARDS
CLOWN,VENUS AND ADONIS
SOLDIER,THE TRAGEDY OF ANTONY AND CLEOPATRA
OLIVER,AS YOU LIKE IT
IACHIMO,TWO BRITISH CAPTAINS
COUNTESS,VENUS AND ADONIS
FIRST SENATOR,TWO VOLSCIAN GUARDS
CORIOLANUS,TWO VOLSCIAN GUARDS
LADY NORTHUMBERLAND,THE SECOND PART OF KING HENRY THE FOURTH
EDWARD,SIR HUMPHREY STAFFORD
RICHARD,SIR HUMPHREY STAFFORD
LAERTES,"THE TRAGEDY OF HAMLET, PRINCE OF DENMARK"
PRINCE,THE SECOND PART OF KING HENRY THE FOURTH
CARDINAL,SIR HUMPHREY STAFFORD
HAMLET,"THE TRAGEDY OF HAMLET, PRINCE OF DENMARK"
GLOUCESTER,THE SECOND PART OF KING HENRY THE FOURTH
GOWER,THE SECOND PART OF KING HENRY THE FOURTH
TALBOT,COUNTESS OF AUVERGNE
GHOST,"THE TRAGEDY OF HAMLET, PRINCE OF DENMARK"
FIRST PLAYER,"THE TRAGEDY OF HAMLET, PRINCE OF DENMARK"
SERVANT,COUNTESS OF AUVERGNE
MOTHER,TWO BRITISH CAPTAINS
OSRIC,"THE TRAGEDY OF HAMLET, PRINCE OF DENMARK"
POINS,THE SECOND PART OF KING HENRY THE FOURTH
FRANCISCO,"THE TRAGEDY OF HAMLET, PRINCE OF DENMARK"
COLEVILE,THE SECOND PART OF KING HENRY THE FOURTH
LANCASTER,THE SECOND PART OF KING HENRY THE FOURTH
MARCELLUS,"THE TRAGEDY OF HAMLET, PRINCE OF DENMARK"
CHAMBERLAIN,THE FIRST PART OF KING HENRY THE FOURTH
RUMOUR,THE SECOND PART OF KING HENRY THE FOURTH
SHALLOW,THE SECOND PART OF KING HENRY THE FOURTH
OFFICER,COUNTESS OF AUVERGNE
MICHAEL,SIR HUMPHREY STAFFORD
KING HENRY,SIR JOHN SOMERVILLE
DAVY,THE SECOND PART OF KING HENRY THE FOURTH
BISHOP OF ELY,THE LIFE OF KING HENRY THE FIFTH
CANTERBURY,THE LIFE OF KING HENRY THE FIFTH
SOLDIER,COUNTESS OF AUVERGNE
KING HENRY,COUNTESS OF AUVERGNE
LORDS,THE LIFE OF KING HENRY THE FIFTH
SIMPCOX,SIR HUMPHREY STAFFORD
WARWICK,COUNTESS OF AUVERGNE
SHERIFF,THE FIRST PART OF KING HENRY THE FOURTH
FIRST SOLDIER,COUNTESS OF AUVERGNE
GADSHILL,THE FIRST PART OF KING HENRY THE FOURTH
FIRST CARRIER,THE FIRST PART OF KING HENRY THE FOURTH
CAMBRIDGE,THE LIFE OF KING HENRY THE FIFTH
SERVANT,THE FIRST PART OF KING HENRY THE FOURTH
LUCY,COUNTESS OF AUVERGNE
MESSENGER,THE SECOND PART OF KING HENRY THE FOURTH
CARRIER,THE FIRST PART OF KING HENRY THE FOURTH
GLOUCESTER,COUNTESS OF AUVERGNE
VOLTEMAND,"THE TRAGEDY OF HAMLET, PRINCE OF DENMARK"
PETO,THE SECOND PART OF KING HENRY THE FOURTH
SERVANT,THE SECOND PART OF KING HENRY THE FOURTH
EXETER,COUNTESS OF AUVERGNE
SENTINEL,COUNTESS OF AUVERGNE
ROSENCRANTZ,"THE TRAGEDY OF HAMLET, PRINCE OF DENMARK"
JUPITER,TWO BRITISH CAPTAINS
BLUNT,THE FIRST PART OF KING HENRY THE FOURTH
PRINCE HUMPHREY OF GLOUCESTER,THE SECOND PART OF KING HENRY THE FOURTH
HUME,SIR HUMPHREY STAFFORD
PAGE,THE SECOND PART OF KING HENRY THE FOURTH
LIEUTENANT,SIR HUMPHREY STAFFORD
SIR JOHN FALSTAFF,THE SECOND PART OF KING HENRY THE FOURTH
WART,THE SECOND PART OF KING HENRY THE FOURTH
BARDOLPH,THE LIFE OF KING HENRY THE FIFTH
DUKE OF BURGUNDY,THE LIFE OF KING HENRY THE FIFTH
GOVERNOR,THE LIFE OF KING HENRY THE FIFTH
SERVINGMEN,COUNTESS OF AUVERGNE
HARCOURT,THE SECOND PART OF KING HENRY THE FOURTH
CLARENCE,THE SECOND PART OF KING HENRY THE FOURTH
ELY,THE LIFE OF KING HENRY THE FIFTH
SALISBURY,COUNTESS OF AUVERGNE
KING,THE FIRST PART OF KING HENRY THE FOURTH
BARNARDO,"THE TRAGEDY OF HAMLET, PRINCE OF DENMARK"
BOTH,"THE TRAGEDY OF HAMLET, PRINCE OF DENMARK"
JOHN TALBOT,COUNTESS OF AUVERGNE
VINTNER,THE FIRST PART OF KING HENRY THE FOURTH
BOY,COUNTESS OF AUVERGNE
FANG,THE SECOND PART OF KING HENRY THE FOURTH
CLERK,SIR HUMPHREY STAFFORD
FORTINBRAS,"THE TRAGEDY OF HAMLET, PRINCE OF DENMARK"
SECOND CLOWN,"THE TRAGEDY OF HAMLET, PRINCE OF DENMARK"
HOSTESS,THE FIRST PART OF KING HENRY THE FOURTH
EARL OF SALISBURY,THE LIFE OF KING HENRY THE FIFTH
ARCHBISHOP OF CANTERBURY,THE LIFE OF KING HENRY THE FIFTH
WARWICK,THE LIFE OF KING HENRY THE FIFTH
SUFFOLK,SIR HUMPHREY STAFFORD
EPILOGUE,THE LIFE OF KING HENRY THE FIFTH
REYNALDO,"THE TRAGEDY OF HAMLET, PRINCE OF DENMARK"
FRENCH KING,THE LIFE OF KING HENRY THE FIFTH
OPHELIA,"THE TRAGEDY OF HAMLET, PRINCE OF DENMARK"
DAUPHIN,THE LIFE OF KING HENRY THE FIFTH
SALISBURY,THE LIFE OF KING HENRY THE FIFTH
WINCHESTER,COUNTESS OF AUVERGNE
NORTHUMBERLAND,THE SECOND PART OF KING HENRY THE FOURTH
SIR THOMAS GREY,THE LIFE OF KING HENRY THE FIFTH
KING,"THE TRAGEDY OF HAMLET, PRINCE OF DENMARK"
PROLOGUE,"THE TRAGEDY OF HAMLET, PRINCE OF DENMARK"
MORTON,THE SECOND PART OF KING HENRY THE FOURTH
FLUELLEN,THE LIFE OF KING HENRY THE FIFTH
SIR MICHAEL,THE FIRST PART OF KING HENRY THE FOURTH
WARWICK,THE SECOND PART OF KING HENRY THE FOURTH
BARDOLPH,THE FIRST PART OF KING HENRY THE FOURTH
JAMY,THE LIFE OF KING HENRY THE FIFTH
SHEPHERD,COUNTESS OF AUVERGNE
HOTSPUR,THE FIRST PART OF KING HENRY THE FOURTH
SERVANT,"THE TRAGEDY OF HAMLET, PRINCE OF DENMARK"
HOSTESS,THE LIFE OF KING HENRY THE FIFTH
STANLEY,SIR HUMPHREY STAFFORD
DANES,"THE TRAGEDY OF HAMLET, PRINCE OF DENMARK"
QUEEN,"THE TRAGEDY OF HAMLET, PRINCE OF DENMARK"
BOLINGBROKE,SIR HUMPHREY STAFFORD
KING,THE LIFE OF KING HENRY THE FIFTH
GUILDENSTERN,"THE TRAGEDY OF HAMLET, PRINCE OF DENMARK"
SILENCE,THE SECOND PART OF KING HENRY THE FOURTH
BURGUNDY,COUNTESS OF AUVERGNE
GOWER,THE LIFE OF KING HENRY THE FIFTH
ERPINGHAM,THE LIFE OF KING HENRY THE FIFTH
ELEANOR,SIR HUMPHREY STAFFORD
CLIFFORD,SIR HUMPHREY STAFFORD
GREY,THE LIFE OF KING HENRY THE FIFTH
KATHARINE,THE LIFE OF KING HENRY THE FIFTH
BURGUNDY,THE LIFE OF KING HENRY THE FIFTH
FIRST BROTHER,TWO BRITISH CAPTAINS
KING HENRY V,THE LIFE OF KING HENRY THE FIFTH
PUCELLE,COUNTESS OF AUVERGNE
SCOUT,COUNTESS OF AUVERGNE
ARCHBISHOP,THE SECOND PART OF KING HENRY THE FOURTH
FIRST CLOWN,"THE TRAGEDY OF HAMLET, PRINCE OF DENMARK"
FIRST TRAVELLER,THE FIRST PART OF KING HENRY THE FOURTH
WESTMORLAND,THE LIFE OF KING HENRY THE FIFTH
BOURBON,THE LIFE OF KING HENRY THE FIFTH
BASSET,COUNTESS OF AUVERGNE
DICK,SIR HUMPHREY STAFFORD
SAYE,SIR HUMPHREY STAFFORD
MONTAGUE,SIR JOHN SOMERVILLE
WESTMORELAND,THE FIRST PART OF KING HENRY THE FOURTH
BROTHER,SIR HUMPHREY STAFFORD
GLENDOWER,THE FIRST PART OF KING HENRY THE FOURTH
ALL,SIR HUMPHREY STAFFORD
MESSENGER,SIR HUMPHREY STAFFORD
PRINCE,THE FIRST PART OF KING HENRY THE FOURTH
PRINCE JOHN OF LANCASTER,THE SECOND PART OF KING HENRY THE FOURTH
YORK,SIR HUMPHREY STAFFORD
TOWNSMAN,SIR HUMPHREY STAFFORD
MAYOR,COUNTESS OF AUVERGNE
BOTH,SIR HUMPHREY STAFFORD
SIR JOHN BLUNT,THE SECOND PART OF KING HENRY THE FOURTH
EARL OF WESTMORLAND,THE LIFE OF KING HENRY THE FIFTH
MATE,SIR HUMPHREY STAFFORD
GEORGE,SIR HUMPHREY STAFFORD
MESSENGER,"THE TRAGEDY OF HAMLET, PRINCE OF DENMARK"
QUEEN ISABEL,THE LIFE OF KING HENRY THE FIFTH
EXETER,THE LIFE OF KING HENRY THE FIFTH
REIGNIER,COUNTESS OF AUVERGNE
LORD,"THE TRAGEDY OF HAMLET, PRINCE OF DENMARK"
MAYOR,SIR HUMPHREY STAFFORD
CLIFFORD,SIR JOHN SOMERVILLE
SECOND CAPTAIN,TWO BRITISH CAPTAINS
HORNER,SIR HUMPHREY STAFFORD
SECOND BROTHER,TWO BRITISH CAPTAINS
SHADOW,THE SECOND PART OF KING HENRY THE FOURTH
WHITMORE,SIR HUMPHREY STAFFORD
MORTIMER,COUNTESS OF AUVERGNE
SOMERSET,COUNTESS OF AUVERGNE
SCALES,SIR HUMPHREY STAFFORD
GLOUCESTER,THE LIFE OF KING HENRY THE FIFTH
DOLL TEARSHEET,THE SECOND PART OF KING HENRY THE FOURTH
HERALD,THE LIFE OF KING HENRY THE FIFTH
PORTER,COUNTESS OF AUVERGNE
WARWICK,SIR JOHN SOMERVILLE
MOWBRAY,THE SECOND PART OF KING HENRY THE FOURTH
SHERIFF,SIR HUMPHREY STAFFORD
SECOND SERVINGMAN,COUNTESS OF AUVERGNE
MARGARET,COUNTESS OF AUVERGNE
MASTER,SIR HUMPHREY STAFFORD
PETO,THE FIRST PART OF KING HENRY THE FOURTH
NORTHUMBERLAND,THE FIRST PART OF KING HENRY THE FOURTH
SECOND DRAWER,THE SECOND PART OF KING HENRY THE FOURTH
EARL OF CAMBRIDGE,THE LIFE OF KING HENRY THE FIFTH
VAUX,SIR HUMPHREY STAFFORD
BUCKINGHAM,SIR HUMPHREY STAFFORD
SOMERSET,SIR HUMPHREY STAFFORD
DOLL,THE SECOND PART OF KING HENRY THE FOURTH
WESTMORELAND,THE SECOND PART OF KING HENRY THE FOURTH
CHORUS,THE LIFE OF KING HENRY THE FIFTH
ALL,THE LIFE OF KING HENRY THE FIFTH
QUEEN MARGARET,SIR HUMPHREY STAFFORD
EARL OF HUNTINGDON,THE LIFE OF KING HENRY THE FIFTH
BARDOLPH,THE SECOND PART OF KING HENRY THE FOURTH
PETER,SIR HUMPHREY STAFFORD
PLAYER QUEEN,"THE TRAGEDY OF HAMLET, PRINCE OF DENMARK"
SECOND TRAVELLER,THE FIRST PART OF KING HENRY THE FOURTH
EARL OF WESTMORELAND,THE SECOND PART OF KING HENRY THE FOURTH
FIRST GROOM,THE SECOND PART OF KING HENRY THE FOURTH
ALICE,THE LIFE OF KING HENRY THE FIFTH
BEVIS,SIR HUMPHREY STAFFORD
CADE,SIR HUMPHREY STAFFORD
RICHARD,SIR JOHN SOMERVILLE
GARGRAVE,COUNTESS OF AUVERGNE
SERGEANT,COUNTESS OF AUVERGNE
EARL OF WARWICK,THE LIFE OF KING HENRY THE FIFTH
BEDFORD,THE LIFE OF KING HENRY THE FIFTH
ALL,TWO BRITISH CAPTAINS
SECOND GROOM,THE SECOND PART OF KING HENRY THE FOURTH
BROTHERS,TWO BRITISH CAPTAINS
PISTOL,THE LIFE OF KING HENRY THE FIFTH
ALL,COUNTESS OF AUVERGNE
ARCHBISHOP,THE FIRST PART OF KING HENRY THE FOURTH
BULLCALF,THE SECOND PART OF KING HENRY THE FOURTH
PLANTAGENET,COUNTESS OF AUVERGNE
FRANCIS,THE FIRST PART OF KING HENRY THE FOURTH
PORTER,THE SECOND PART OF KING HENRY THE FOURTH
DUKE OF BOURBON,THE LIFE OF KING HENRY THE FIFTH
FIRST SERVINGMAN,COUNTESS OF AUVERGNE
EPILOGUE,THE SECOND PART OF KING HENRY THE FOURTH
POLONIUS,"THE TRAGEDY OF HAMLET, PRINCE OF DENMARK"
PLAYER KING,"THE TRAGEDY OF HAMLET, PRINCE OF DENMARK"
MESSENGER,COUNTESS OF AUVERGNE
YOUNG CLIFFORD,SIR HUMPHREY STAFFORD
HOSTESS,THE SECOND PART OF KING HENRY THE FOURTH
LADY PERCY,THE SECOND PART OF KING HENRY THE FOURTH
LANCASTER,THE FIRST PART OF KING HENRY THE FOURTH
FIRST SENTINEL,COUNTESS OF AUVERGNE
BATES,THE LIFE OF KING HENRY THE FIFTH
GENERAL,COUNTESS OF AUVERGNE
SNARE,THE SECOND PART OF KING HENRY THE FOURTH
FIRST BEADLE,THE SECOND PART OF KING HENRY THE FOURTH
NYM,THE LIFE OF KING HENRY THE FIFTH
DUKE OF BRITTANY,THE LIFE OF KING HENRY THE FIFTH
FASTOLF,COUNTESS OF AUVERGNE
FIRST AMBASSADOR,"THE TRAGEDY OF HAMLET, PRINCE OF DENMARK"
THIEVES,THE FIRST PART OF KING HENRY THE FOURTH
HOLLAND,SIR HUMPHREY STAFFORD
GLANSDALE,COUNTESS OF AUVERGNE
YORK,COUNTESS OF AUVERGNE
EARL OF WARWICK,THE SECOND PART OF KING HENRY THE FOURTH
LORD SCROOP,THE LIFE OF KING HENRY THE FIFTH
SECOND GAOLER,TWO BRITISH CAPTAINS
SERVINGMEN,SIR HUMPHREY STAFFORD
HERALD,SIR HUMPHREY STAFFORD
MONTJOY,THE LIFE OF KING HENRY THE FIFTH
LEGATE,COUNTESS OF AUVERGNE
GAOLER,TWO BRITISH CAPTAINS
SECOND CARRIER,THE FIRST PART OF KING HENRY THE FOURTH
YORK,SIR JOHN SOMERVILLE
EXETER,SIR JOHN SOMERVILLE
WOODVILLE,COUNTESS OF AUVERGNE
KING HENRY,SIR HUMPHREY STAFFORD
FIRST AMBASSADOR,THE LIFE OF KING HENRY THE FIFTH
STAFFORD,SIR HUMPHREY STAFFORD
FIRST WARDER,COUNTESS OF AUVERGNE
COMMONS,SIR HUMPHREY STAFFORD
HORATIO,"THE TRAGEDY OF HAMLET, PRINCE OF DENMARK"
BOY,THE LIFE OF KING HENRY THE FIFTH
MORTIMER,THE FIRST PART OF KING HENRY THE FOURTH
AMBASSADOR,THE LIFE OF KING HENRY THE FIFTH
MACMORRIS,THE LIFE OF KING HENRY THE FIFTH
RAMBURES,THE LIFE OF KING HENRY THE FIFTH
WIFE,SIR HUMPHREY STAFFORD
FEEBLE,THE SECOND PART OF KING HENRY THE FOURTH
DUKE OF ORLEANS,THE LIFE OF KING HENRY THE FIFTH
FIRST JAILER,COUNTESS OF AUVERGNE
CAPTAIN,"THE TRAGEDY OF HAMLET, PRINCE OF DENMARK"
MASTER GUNNER,COUNTESS OF AUVERGNE
SMITH,SIR HUMPHREY STAFFORD
CAPTAIN,COUNTESS OF AUVERGNE
KING HENRY,THE LIFE OF KING HENRY THE FIFTH
VERNON,COUNTESS OF AUVERGNE
PISTOL,THE SECOND PART OF KING HENRY THE FOURTH
DUKE OF BERRY,THE LIFE OF KING HENRY THE FIFTH
THIRD SERVINGMAN,COUNTESS OF AUVERGNE
EDWARD,SIR JOHN SOMERVILLE
PRIEST,"THE TRAGEDY OF HAMLET, PRINCE OF DENMARK"
CHIEF JUSTICE,THE SECOND PART OF KING HENRY THE FOURTH
PRINCES,THE SECOND PART OF KING HENRY THE FOURTH
SALISBURY,SIR HUMPHREY STAFFORD
LORD BARDOLPH,THE SECOND PART OF KING HENRY THE FOURTH
CONSTABLE,THE LIFE OF KING HENRY THE FIFTH
LAWYER,COUNTESS OF AUVERGNE
GLOUCESTER,SIR HUMPHREY STAFFORD
WARWICK,SIR HUMPHREY STAFFORD
DOUGLAS,THE FIRST PART OF KING HENRY THE FOURTH
FALSTAFF,THE SECOND PART OF KING HENRY THE FOURTH
BEDFORD,COUNTESS OF AUVERGNE
BASTARD,COUNTESS OF AUVERGNE
SPIRIT,SIR HUMPHREY STAFFORD
WORCESTER,THE FIRST PART OF KING HENRY THE FOURTH
LADIES,TWO BRITISH CAPTAINS
FALSTAFF,THE FIRST PART OF KING HENRY THE FOURTH
FRENCH SOLDIER,THE LIFE OF KING HENRY THE FIFTH
ORLEANS,THE LIFE OF KING HENRY THE FIFTH
COUNTESS,COUNTESS OF AUVERGNE
VERNON,THE FIRST PART OF KING HENRY THE FOURTH
SECOND WARDER,COUNTESS OF AUVERGNE
WESTMORELAND,SIR JOHN SOMERVILLE
SICILIUS,TWO BRITISH CAPTAINS
HASTINGS,THE SECOND PART OF KING HENRY THE FOURTH
NORFOLK,SIR JOHN SOMERVILLE
TRAVERS,THE SECOND PART OF KING HENRY THE FOURTH
MOULDY,THE SECOND PART OF KING HENRY THE FOURTH
POINS,THE FIRST PART OF KING HENRY THE FOURTH
COURT,THE LIFE OF KING HENRY THE FIFTH
ALL,"THE TRAGEDY OF HAMLET, PRINCE OF DENMARK"
SCROOP,THE LIFE OF KING HENRY THE FIFTH
WATCH,COUNTESS OF AUVERGNE
FIRST CAPTAIN,TWO BRITISH CAPTAINS
POST,SIR HUMPHREY STAFFORD
KING,THE SECOND PART OF KING HENRY THE FOURTH
SUFFOLK,COUNTESS OF AUVERGNE
FIRST SAILOR,"THE TRAGEDY OF HAMLET, PRINCE OF DENMARK"
CHARLES,COUNTESS OF AUVERGNE
NORTHUMBERLAND,SIR JOHN SOMERVILLE
EARL OF SURREY,THE SECOND PART OF KING HENRY THE FOURTH
IDEN,SIR HUMPHREY STAFFORD
LADY PERCY,THE FIRST PART OF KING HENRY THE FOURTH
PROLOGUE,THE LIFE OF KING HENRY THE FIFTH
BEADLE,SIR HUMPHREY STAFFORD
SIR JOHN COLEVILLE,THE SECOND PART OF KING HENRY THE FOURTH
GENTLEMAN,"THE TRAGEDY OF HAMLET, PRINCE OF DENMARK"
OSTLER,THE FIRST PART OF KING HENRY THE FOURTH
WILLIAMS,THE LIFE OF KING HENRY THE FIFTH
SOLDIER,SIR HUMPHREY STAFFORD
MESSENGER,THE FIRST PART OF KING HENRY THE FOURTH
FIRST DRAWER,THE SECOND PART OF KING HENRY THE FOURTH
LUCIANUS,"THE TRAGEDY OF HAMLET, PRINCE OF DENMARK"
MESSENGER,THE LIFE OF KING HENRY THE FIFTH
YORK,THE LIFE OF KING HENRY THE FIFTH
MONTGOMERY,SIR JOHN SOMERVILLE
GURNEY,THE LIFE AND DEATH OF KING JOHN
SECRETARY,SIR ANTHONY DENNY
PEMBROKE,THE LIFE AND DEATH OF KING JOHN
CASSIUS,THE TRAGEDY OF JULIUS CAESAR
AUSTRIA,THE LIFE AND DEATH OF KING JOHN
BOTH MURDERERS,THE TRAGEDY OF MACBETH
FIRST SOLDIER,THE TRAGEDY OF JULIUS CAESAR
OLD MAN,THE TRAGEDY OF KING LEAR
BOTH,SIR ANTHONY DENNY
NATHANIEL,THE TRAGEDY OF KING LEAR
NORFOLK,SIR ANTHONY DENNY
FOOL,THE TRAGEDY OF KING LEAR
SERVANT,SIR ANTHONY DENNY
PORTER,SIR ANTHONY DENNY
CALPHURNIA,THE TRAGEDY OF JULIUS CAESAR
QUEEN ELIZABETH,SIR JOHN SOMERVILLE
RIVERS,SIR JOHN SOMERVILLE
LUCIUS,THE TRAGEDY OF JULIUS CAESAR
SECOND SOLDIER,THE TRAGEDY OF JULIUS CAESAR
SERVANT,THE TRAGEDY OF JULIUS CAESAR
LOUIS,THE LIFE AND DEATH OF KING JOHN
EDMUND,THE TRAGEDY OF KING LEAR
ONE,SIR ANTHONY DENNY
SALISBURY,THE LIFE AND DEATH OF KING JOHN
BRANDON,SIR ANTHONY DENNY
CASCA,THE TRAGEDY OF JULIUS CAESAR
CINNA,THE TRAGEDY OF JULIUS CAESAR
CAPUTIUS,SIR ANTHONY DENNY
GARTER,SIR ANTHONY DENNY
FIRST MURDERER,THE TRAGEDY OF MACBETH
SECOND MURDERER,THE TRAGEDY OF MACBETH
DARDANIUS,THE TRAGEDY OF JULIUS CAESAR
GLOUCESTER,THE TRAGEDY OF KING LEAR
KENT,THE TRAGEDY OF KING LEAR
MESSENGER,THE TRAGEDY OF MACBETH
THIRD SERVANT,THE TRAGEDY OF KING LEAR
CHANCELLOR,SIR ANTHONY DENNY
CURAN,THE TRAGEDY OF KING LEAR
EARL OF ESSEX,THE LIFE AND DEATH OF KING JOHN
CLAUDIUS,THE TRAGEDY OF JULIUS CAESAR
LENNOX,THE TRAGEDY OF MACBETH
GEORGE,SIR JOHN SOMERVILLE
GHOST,THE TRAGEDY OF JULIUS CAESAR
GONERIL,THE TRAGEDY OF KING LEAR
BUTTS,SIR ANTHONY DENNY
LADY MACBETH,THE TRAGEDY OF MACBETH
ROSS,THE TRAGEDY OF MACBETH
KING,SIR ANTHONY DENNY
BANQUO,THE TRAGEDY OF MACBETH
LADY FAULCONBRIDGE,THE LIFE AND DEATH OF KING JOHN
FORESTER,THE TRAGEDY OF KING LEAR
ARTHUR,THE LIFE AND DEATH OF KING JOHN
CRIER,SIR ANTHONY DENNY
CHATILLION,THE LIFE AND DEATH OF KING JOHN
THIRD MURDERER,THE TRAGEDY OF MACBETH
LONGAVILLE,THE TRAGEDY OF KING LEAR
FIRST GENTLEMAN,SIR ANTHONY DENNY
SECOND CITIZEN,THE TRAGEDY OF JULIUS CAESAR
PETER OF POMFRET,THE LIFE AND DEATH OF KING JOHN
THIRD SOLDIER,THE TRAGEDY OF JULIUS CAESAR
DONALBAIN,THE TRAGEDY OF MACBETH
CAPTAIN,THE TRAGEDY OF KING LEAR
MACDUFF,THE TRAGEDY OF MACBETH
METELLUS,THE TRAGEDY OF JULIUS CAESAR
MESSALA,THE TRAGEDY OF JULIUS CAESAR
CAMPEIUS,SIR ANTHONY DENNY
APPARITION,THE TRAGEDY OF MACBETH
BRUTUS,THE TRAGEDY OF JULIUS CAESAR
REGAN,THE TRAGEDY OF KING LEAR
MACBETH,THE TRAGEDY OF MACBETH
CARPENTER,THE TRAGEDY OF JULIUS CAESAR
ANTONY,THE TRAGEDY OF JULIUS CAESAR
LEPIDUS,THE TRAGEDY OF JULIUS CAESAR
ARMADO,THE TRAGEDY OF KING LEAR
FOURTH CITIZEN,THE TRAGEDY OF JULIUS CAESAR
ALL,SIR ANTHONY DENNY
HERALD,THE TRAGEDY OF KING LEAR
GARDINER,SIR ANTHONY DENNY
MARULLUS,THE TRAGEDY OF JULIUS CAESAR
MARIA,THE TRAGEDY OF KING LEAR
FRENCH HERALD,THE LIFE AND DEATH OF KING JOHN
LEAR,THE TRAGEDY OF KING LEAR
FLEANCE,THE TRAGEDY OF MACBETH
SOMERVILLE,SIR JOHN SOMERVILLE
OLD LADY,SIR ANTHONY DENNY
DUMAINE,THE TRAGEDY OF KING LEAR
CAESAR,THE TRAGEDY OF JULIUS CAESAR
CORNWALL,THE TRAGEDY OF KING LEAR
KATHARINE,THE TRAGEDY OF KING LEAR
OXFORD,SIR JOHN SOMERVILLE
SCRIBE,SIR ANTHONY DENNY
POET,THE TRAGEDY OF JULIUS CAESAR
PHYSICIAN,THE TRAGEDY OF KING LEAR
MOTH,THE TRAGEDY OF KING LEAR
CLITUS,THE TRAGEDY OF JULIUS CAESAR
HECATE,THE TRAGEDY OF MACBETH
LOVELL,SIR ANTHONY DENNY
BURGUNDY,THE TRAGEDY OF KING LEAR
MESSENGER,THE TRAGEDY OF KING LEAR
SANDYS,SIR ANTHONY DENNY
MESSENGER,THE LIFE AND DEATH OF KING JOHN
PATIENCE,SIR ANTHONY DENNY
ABERGAVENNY,SIR ANTHONY DENNY
POPILIUS,THE TRAGEDY OF JULIUS CAESAR
MESSENGER,THE TRAGEDY OF JULIUS CAESAR
TITINIUS,THE TRAGEDY OF JULIUS CAESAR
KING,THE TRAGEDY OF KING LEAR
PORTIA,THE TRAGEDY OF JULIUS CAESAR
FIRST CITIZEN,THE LIFE AND DEATH OF KING JOHN
SON,SIR JOHN SOMERVILLE
EDGAR,THE TRAGEDY OF KING LEAR
HASTINGS,SIR JOHN SOMERVILLE
OCTAVIUS,THE TRAGEDY OF JULIUS CAESAR
LINCOLN,SIR ANTHONY DENNY
ROBERT,THE LIFE AND DEATH OF KING JOHN
PAGE,SIR ANTHONY DENNY
KING JOHN,THE LIFE AND DEATH OF KING JOHN
MESSENGER,SIR JOHN SOMERVILLE
THIRD GENTLEMAN,SIR ANTHONY DENNY
QUEEN ELEANOR,THE LIFE AND DEATH OF KING JOHN
LADY MACDUFF,THE TRAGEDY OF MACBETH
SECOND WITCH,THE TRAGEDY OF MACBETH
QUEEN MARGARET,SIR JOHN SOMERVILLE
CONSTANCE,THE LIFE AND DEATH OF KING JOHN
KEEPER,SIR ANTHONY DENNY
LIGARIUS,THE TRAGEDY OF JULIUS CAESAR
EARL OF SALISBURY,THE LIFE AND DEATH OF KING JOHN
DECIUS,THE TRAGEDY OF JULIUS CAESAR
MALCOLM,THE TRAGEDY OF MACBETH
KING LEWIS,SIR JOHN SOMERVILLE
TREBONIUS,THE TRAGEDY OF JULIUS CAESAR
JAQUENETTA,THE TRAGEDY OF KING LEAR
SPRING,THE TRAGEDY OF KING LEAR
ARTEMIDORUS,THE TRAGEDY OF JULIUS CAESAR
STRATO,THE TRAGEDY OF JULIUS CAESAR
GENTLEMAN,SIR ANTHONY DENNY
HOLOFERNES,THE TRAGEDY OF KING LEAR
KING EDWARD,SIR JOHN SOMERVILLE
VAUX,SIR ANTHONY DENNY
COBBLER,THE TRAGEDY OF JULIUS CAESAR
SERVANT,THE TRAGEDY OF MACBETH
LORD,THE TRAGEDY OF KING LEAR
DUNCAN,THE TRAGEDY OF MACBETH
CRANMER,SIR ANTHONY DENNY
PUBLIUS,THE TRAGEDY OF JULIUS CAESAR
PORTER,THE TRAGEDY OF MACBETH
RUTLAND,SIR JOHN SOMERVILLE
DENNY,SIR ANTHONY DENNY
SERGEANT,SIR ANTHONY DENNY
ALBANY,THE TRAGEDY OF KING LEAR
ANNE,SIR ANTHONY DENNY
THIRD CITIZEN,THE TRAGEDY OF JULIUS CAESAR
FATHER,SIR JOHN SOMERVILLE
ANGUS,THE TRAGEDY OF MACBETH
MURDERER,THE TRAGEDY OF MACBETH
LADY GREY,SIR JOHN SOMERVILLE
LIEUTENANT,SIR JOHN SOMERVILLE
THIRD WITCH,THE TRAGEDY OF MACBETH
SOLDIER,THE TRAGEDY OF MACBETH
BLANCHE,THE LIFE AND DEATH OF KING JOHN
TUTOR,SIR JOHN SOMERVILLE
KNIGHT,THE TRAGEDY OF KING LEAR
FRANCE,THE TRAGEDY OF KING LEAR
BIGOT,THE LIFE AND DEATH OF KING JOHN
BEROWNE,THE TRAGEDY OF KING LEAR
COSTARD,THE TRAGEDY OF KING LEAR
LORD,THE TRAGEDY OF MACBETH
WOLSEY,SIR ANTHONY DENNY
EPILOGUE,SIR ANTHONY DENNY
CATO,THE TRAGEDY OF JULIUS CAESAR
SOOTHSAYER,THE TRAGEDY OF JULIUS CAESAR
LORDS,THE TRAGEDY OF MACBETH
ALL,SIR JOHN SOMERVILLE
ESSEX,THE LIFE AND DEATH OF KING JOHN
MELUN,THE LIFE AND DEATH OF KING JOHN
GENTLEMAN USHER,SIR ANTHONY DENNY
SOMERSET,SIR JOHN SOMERVILLE
THE PROLOGUE,SIR ANTHONY DENNY
OFFICER,THE TRAGEDY OF KING LEAR
GUILDFORD,SIR ANTHONY DENNY
FIRST SERVANT,THE TRAGEDY OF KING LEAR
CICERO,THE TRAGEDY OF JULIUS CAESAR
MAYOR,SIR JOHN SOMERVILLE
SECOND GENTLEMAN,SIR ANTHONY DENNY
NOBLEMAN,SIR JOHN SOMERVILLE
MESSENGER,SIR ANTHONY DENNY
DULL,THE TRAGEDY OF KING LEAR
QUEEN KATHERINE,SIR ANTHONY DENNY
POST,SIR JOHN SOMERVILLE
ENGLISH HERALD,THE LIFE AND DEATH OF KING JOHN
BASTARD,THE LIFE AND DEATH OF KING JOHN
OSWALD,THE TRAGEDY OF KING LEAR
CHAMBERLAIN,SIR ANTHONY DENNY
LUCILIUS,THE TRAGEDY OF JULIUS CAESAR
CITIZEN,THE LIFE AND DEATH OF KING JOHN
CORDELIA,THE TRAGEDY OF KING LEAR
ROSALINE,THE TRAGEDY OF KING LEAR
GRIFFITH,SIR ANTHONY DENNY
FIRST WITCH,THE TRAGEDY OF MACBETH
BUCKINGHAM,SIR ANTHONY DENNY
HUNTSMAN,SIR JOHN SOMERVILLE
OLD MAN,THE TRAGEDY OF MACBETH
PANDULPH,THE LIFE AND DEATH OF KING JOHN
FLAVIUS,THE TRAGEDY OF JULIUS CAESAR
SIR JOHN,SIR JOHN SOMERVILLE
EARL OF PEMBROKE,THE LIFE AND DEATH OF KING JOHN
WINTER,THE TRAGEDY OF KING LEAR
PINDARUS,THE TRAGEDY OF JULIUS CAESAR
PRINCE EDWARD,SIR JOHN SOMERVILLE
GENTLEMAN,THE TRAGEDY OF KING LEAR
FIRST CITIZEN,THE TRAGEDY OF JULIUS CAESAR
BOYET,THE TRAGEDY OF KING LEAR
VARRO,THE TRAGEDY OF JULIUS CAESAR
SECOND SERVANT,THE TRAGEDY OF KING LEAR
SUFFOLK,SIR ANTHONY DENNY
HUBERT,THE LIFE AND DEATH OF KING JOHN
SURVEYOR,SIR ANTHONY DENNY
KING PHILIP,THE LIFE AND DEATH OF KING JOHN
FIRST EXECUTIONER,THE LIFE AND DEATH OF KING JOHN
PRINCESS,THE TRAGEDY OF KING LEAR
SURREY,SIR ANTHONY DENNY
SOLDIER,SIR JOHN SOMERVILLE
CROMWELL,SIR ANTHONY DENNY
PRINCE HENRY,THE LIFE AND DEATH OF KING JOHN
VOLUMNIUS,THE TRAGEDY OF JULIUS CAESAR
BONA,SIR JOHN SOMERVILLE
CITIZENS,THE TRAGEDY OF JULIUS CAESAR
ALL,THE TRAGEDY OF MACBETH
FRIAR THOMAS,MEASURE FOR MEASURE
FLUTE,SIR JOHN FALSTAFF
DUKE,MEASURE FOR MEASURE
SOLANIO,THE DUKE OF VENICE
FRIAR,MUCH ADO ABOUT NOTHING
BOY,MUCH ADO ABOUT NOTHING
FENTON,SIR JOHN FALSTAFF
BRABANTIO,DUKE OF VENICE
SALERIO,THE DUKE OF VENICE
SONG,SIR JOHN FALSTAFF
HERALD,DUKE OF VENICE
CHORUS,SIR JOHN FALSTAFF
CONRADE,MUCH ADO ABOUT NOTHING
BENEDICK,MUCH ADO ABOUT NOTHING
LORENZO,THE DUKE OF VENICE
BOTTOM,SIR JOHN FALSTAFF
DUKE OF VENICE,THE DUKE OF VENICE
PYRAMUS,SIR JOHN FALSTAFF
PORTIA,THE DUKE OF VENICE
CAITHNESS,THE TRAGEDY OF MACBETH
MESSENGER,THE DUKE OF VENICE
SERVANT,THE DUKE OF VENICE
YOUNG SIWARD,THE TRAGEDY OF MACBETH
MISTRESS QUICKLY,SIR JOHN FALSTAFF
PHILOSTRATE,SIR JOHN FALSTAFF
ANNE,SIR JOHN FALSTAFF
SERVINGMAN,THE DUKE OF VENICE
SIMPLE,SIR JOHN FALSTAFF
DOGBERRY,MUCH ADO ABOUT NOTHING
SIWARD,THE TRAGEDY OF MACBETH
POMPEY,MEASURE FOR MEASURE
BAWD,MEASURE FOR MEASURE
LODOVICO,DUKE OF VENICE
PUCK,SIR JOHN FALSTAFF
JULIET,MEASURE FOR MEASURE
SECOND WATCH,MUCH ADO ABOUT NOTHING
SON,THE TRAGEDY OF MACBETH
PISTOL,SIR JOHN FALSTAFF
PROVOST,MEASURE FOR MEASURE
DON JOHN,MUCH ADO ABOUT NOTHING
ISABELLA,MEASURE FOR MEASURE
ARRAGON,THE DUKE OF VENICE
PEASEBLOSSOM,SIR JOHN FALSTAFF
ELBOW,MEASURE FOR MEASURE
TITANIA,SIR JOHN FALSTAFF
PAGE,SIR JOHN FALSTAFF
LUCIO,MEASURE FOR MEASURE
ALL,SIR JOHN FALSTAFF
JOHN,SIR JOHN FALSTAFF
URSULA,MUCH ADO ABOUT NOTHING
FIRST GENTLEMAN,MEASURE FOR MEASURE
MUSTARDSEED,SIR JOHN FALSTAFF
SECOND GENTLEMAN,MEASURE FOR MEASURE
EGEUS,SIR JOHN FALSTAFF
DON PEDRO,MUCH ADO ABOUT NOTHING
BORACHIO,MUCH ADO ABOUT NOTHING
QUINCE,SIR JOHN FALSTAFF
A LORD,MUCH ADO ABOUT NOTHING
NERISSA,THE DUKE OF VENICE
STARVELING,SIR JOHN FALSTAFF
BALTHASAR,MUCH ADO ABOUT NOTHING
FIRST FAIRY,SIR JOHN FALSTAFF
ANTONIO,MUCH ADO ABOUT NOTHING
FIRST GENTLEMAN,DUKE OF VENICE
WATCH,MUCH ADO ABOUT NOTHING
ESCALUS,MEASURE FOR MEASURE
MARIANA,MEASURE FOR MEASURE
SECOND FAIRY,SIR JOHN FALSTAFF
FRIAR PETER,MEASURE FOR MEASURE
RODERIGO,DUKE OF VENICE
SOLDIERS,THE TRAGEDY OF MACBETH
SHALLOW,SIR JOHN FALSTAFF
MISTRESS PAGE,SIR JOHN FALSTAFF
MENTEITH,THE TRAGEDY OF MACBETH
BARNARDINE,MEASURE FOR MEASURE
BEATRICE,MUCH ADO ABOUT NOTHING
FALSTAFF,SIR JOHN FALSTAFF
FORD,SIR JOHN FALSTAFF
OBERON,SIR JOHN FALSTAFF
THIRD GENTLEMAN,DUKE OF VENICE
LION,SIR JOHN FALSTAFF
EMILIA,DUKE OF VENICE
FIRST MUSICIAN,DUKE OF VENICE
NYM,SIR JOHN FALSTAFF
FRIAR FRANCIS,MUCH ADO ABOUT NOTHING
CLOWN,DUKE OF VENICE
IAGO,DUKE OF VENICE
LEONARDO,THE DUKE OF VENICE
BIANCA,DUKE OF VENICE
DESDEMONA,DUKE OF VENICE
GRATIANO,DUKE OF VENICE
HIPPOLYTA,SIR JOHN FALSTAFF
DEMETRIUS,SIR JOHN FALSTAFF
HERO,MUCH ADO ABOUT NOTHING
JUSTICE,MEASURE FOR MEASURE
GRATIANO,THE DUKE OF VENICE
VERGES,MUCH ADO ABOUT NOTHING
LYSANDER,SIR JOHN FALSTAFF
GOBBO,THE DUKE OF VENICE
SHYLOCK,THE DUKE OF VENICE
WILLIAM,SIR JOHN FALSTAFF
ALL,THE DUKE OF VENICE
MESSENGER,MUCH ADO ABOUT NOTHING
HERMIA,SIR JOHN FALSTAFF
EVANS,SIR JOHN FALSTAFF
ABHORSON,MEASURE FOR MEASURE
ROBERT,SIR JOHN FALSTAFF
BOTH,MUCH ADO ABOUT NOTHING
CLAUDIO,MEASURE FOR MEASURE
ROBIN,SIR JOHN FALSTAFF
OFFICER,DUKE OF VENICE
RUGBY,SIR JOHN FALSTAFF
FIRST WATCH,MUCH ADO ABOUT NOTHING
CLAUDIO,MUCH ADO ABOUT NOTHING
FRANCISCA,MEASURE FOR MEASURE
ANTONIO,THE DUKE OF VENICE
MISTRESS FORD,SIR JOHN FALSTAFF
SAILOR,DUKE OF VENICE
DUKE,THE DUKE OF VENICE
SALARINO,THE DUKE OF VENICE
JESSICA,THE DUKE OF VENICE
DUKE,DUKE OF VENICE
THESEUS,SIR JOHN FALSTAFF
FROTH,MEASURE FOR MEASURE
WALL,SIR JOHN FALSTAFF
ALL,DUKE OF VENICE
CAIUS,SIR JOHN FALSTAFF
MOON,SIR JOHN FALSTAFF
LEONATO,MUCH ADO ABOUT NOTHING
GENTLEWOMAN,THE TRAGEDY OF MACBETH
MARGARET,MUCH ADO ABOUT NOTHING
CASSIO,DUKE OF VENICE
BARDOLPH,SIR JOHN FALSTAFF
MOONSHINE,SIR JOHN FALSTAFF
LAUNCELET,THE DUKE OF VENICE
SECOND GENTLEMAN,DUKE OF VENICE
MESSENGER,MEASURE FOR MEASURE
SERVANT,MEASURE FOR MEASURE
ANGELO,MEASURE FOR MEASURE
SLENDER,SIR JOHN FALSTAFF
COBWEB,SIR JOHN FALSTAFF
MESSENGER,DUKE OF VENICE
SEXTON,MUCH ADO ABOUT NOTHING
BALTHAZAR,THE DUKE OF VENICE
MOTH,SIR JOHN FALSTAFF
OTHELLO,DUKE OF VENICE
HELENA,SIR JOHN FALSTAFF
HOST,SIR JOHN FALSTAFF
TUBAL,THE DUKE OF VENICE
THISBE,SIR JOHN FALSTAFF
BASSANIO,THE DUKE OF VENICE
GENTLEMEN,DUKE OF VENICE
STEPHANO,THE DUKE OF VENICE
SEYTON,THE TRAGEDY OF MACBETH
PRINCE OF MOROCCO,THE DUKE OF VENICE
DOCTOR,THE TRAGEDY OF MACBETH
FIRST SENATOR,DUKE OF VENICE
MONTANO,DUKE OF VENICE
SECOND MUSICIAN,THE TRAGEDY OF ROMEO AND JULIET
SCRIVENER,SHERIFF OF WILTSHIRE
FRIAR LAWRENCE,THE TRAGEDY OF ROMEO AND JULIET
SECOND HERALD,DUCHESS OF YORK
LADY,DUCHESS OF YORK
TIMANDRA,THE LIFE OF TIMON OF ATHENS
FIRST SERVANT,THE TAMING OF THE SHREW
I,THE TAMING OF THE SHREW
ALL,"PERICLES, PRINCE OF TYRE"
BAWD,"PERICLES, PRINCE OF TYRE"
SERVANT,THE TAMING OF THE SHREW
ALL THREE,SHERIFF OF WILTSHIRE
SAMPSON,THE TRAGEDY OF ROMEO AND JULIET
CAPULET,THE TRAGEDY OF ROMEO AND JULIET
HORTENSIO,THE TAMING OF THE SHREW
ABRAM,THE TRAGEDY OF ROMEO AND JULIET
TYBALT,THE TRAGEDY OF ROMEO AND JULIET
HOSTESS,THE TAMING OF THE SHREW
PAGE,THE LIFE OF TIMON OF ATHENS
SERVANT,"PERICLES, PRINCE OF TYRE"
ELY,SHERIFF OF WILTSHIRE
FIRST CITIZEN,THE TRAGEDY OF ROMEO AND JULIET
SECOND STRANGER,THE LIFE OF TIMON OF ATHENS
PLAYER,THE TAMING OF THE SHREW
HELICANUS,"PERICLES, PRINCE OF TYRE"
FLAVIUS,THE LIFE OF TIMON OF ATHENS
FIRST LORD,"PERICLES, PRINCE OF TYRE"
TYRREL,SHERIFF OF WILTSHIRE
BALTHASAR,THE TRAGEDY OF ROMEO AND JULIET
MESSENGER,THE TAMING OF THE SHREW
TYRIAN SAILOR,"PERICLES, PRINCE OF TYRE"
APOTHECARY,THE TRAGEDY OF ROMEO AND JULIET
RICHMOND,SHERIFF OF WILTSHIRE
BENVOLIO,THE TRAGEDY OF ROMEO AND JULIET
BIONDELLO,THE TAMING OF THE SHREW
BERKELEY,DUCHESS OF YORK
THIRD FISHERMAN,"PERICLES, PRINCE OF TYRE"
FIRST SERVANT,"PERICLES, PRINCE OF TYRE"
FOURTH MESSENGER,SHERIFF OF WILTSHIRE
MERCHANT,THE LIFE OF TIMON OF ATHENS
SHERIFF,SHERIFF OF WILTSHIRE
DIANA,"PERICLES, PRINCE OF TYRE"
ROSS,DUCHESS OF YORK
JULIET,THE TRAGEDY OF ROMEO AND JULIET
PERICLES,"PERICLES, PRINCE OF TYRE"
GARDENER,DUCHESS OF YORK
FLAMINIUS,THE LIFE OF TIMON OF ATHENS
FIRST SENATOR,THE LIFE OF TIMON OF ATHENS
PHRYNIA,THE LIFE OF TIMON OF ATHENS
LOVELL,SHERIFF OF WILTSHIRE
SECOND FRIEND,THE LIFE OF TIMON OF ATHENS
TRANIO,THE TAMING OF THE SHREW
SERVANTS,THE LIFE OF TIMON OF ATHENS
KING EDWARD,SHERIFF OF WILTSHIRE
OXFORD,SHERIFF OF WILTSHIRE
GHOST OF EDWARD,SHERIFF OF WILTSHIRE
WILLOUGHBY,DUCHESS OF YORK
LORD,THE TAMING OF THE SHREW
MESSENGER,THE LIFE OF TIMON OF ATHENS
PETER,THE TAMING OF THE SHREW
SALISBURY,DUCHESS OF YORK
FOOL,THE LIFE OF TIMON OF ATHENS
MAYOR,SHERIFF OF WILTSHIRE
QUEEN,DUCHESS OF YORK
FERDINAND,MASTER OF A SHIP
KING RICHARD,DUCHESS OF YORK
HABERDASHER,THE TAMING OF THE SHREW
MIRANDA,MASTER OF A SHIP
HELCANUS,"PERICLES, PRINCE OF TYRE"
THAISA,"PERICLES, PRINCE OF TYRE"
GHOST OF CLARENCE,SHERIFF OF WILTSHIRE
SECOND HUNTSMAN,THE TAMING OF THE SHREW
BAGOT,DUCHESS OF YORK
CHILDREN,SHERIFF OF WILTSHIRE
FIRST AND SECOND FRIENDS,THE LIFE OF TIMON OF ATHENS
ANOTHER LORD,DUCHESS OF YORK
SERVANT,THE TRAGEDY OF ROMEO AND JULIET
DUCHESS,SHERIFF OF WILTSHIRE
GRUMIO,THE TAMING OF THE SHREW
VINCENTIO,THE TAMING OF THE SHREW
DAUGHTER,"PERICLES, PRINCE OF TYRE"
KNIGHTS,"PERICLES, PRINCE OF TYRE"
FIRST GENTLEMAN,"PERICLES, PRINCE OF TYRE"
CAPTAIN,DUCHESS OF YORK
THIRD MESSENGER,SHERIFF OF WILTSHIRE
MARSHALL,"PERICLES, PRINCE OF TYRE"
CLARENCE,SHERIFF OF WILTSHIRE
KEEPER,SHERIFF OF WILTSHIRE
DIONYZA,"PERICLES, PRINCE OF TYRE"
THIRD MUSICIAN,THE TRAGEDY OF ROMEO AND JULIET
SURREY,DUCHESS OF YORK
KING RICHARD,SHERIFF OF WILTSHIRE
FIRST SERVANT,THE TRAGEDY OF ROMEO AND JULIET
PANDAR,"PERICLES, PRINCE OF TYRE"
ALL SERVANTS,THE LIFE OF TIMON OF ATHENS
SEMPRONIUS,THE LIFE OF TIMON OF ATHENS
TITUS,THE LIFE OF TIMON OF ATHENS
SOME OTHER,THE LIFE OF TIMON OF ATHENS
GREY,SHERIFF OF WILTSHIRE
CATESBY,SHERIFF OF WILTSHIRE
ADRIAN,MASTER OF A SHIP
LORD,"PERICLES, PRINCE OF TYRE"
FIRST SERVANT,THE LIFE OF TIMON OF ATHENS
PHILEMON,"PERICLES, PRINCE OF TYRE"
ALL SERVANTS,THE TAMING OF THE SHREW
SECOND KNIGHT,"PERICLES, PRINCE OF TYRE"
STANLEY,SHERIFF OF WILTSHIRE
THALIARD,"PERICLES, PRINCE OF TYRE"
GHOSTS OF PRINCES,SHERIFF OF WILTSHIRE
MONTAGUE,THE TRAGEDY OF ROMEO AND JULIET
SEBASTIAN,MASTER OF A SHIP
FIRST HERALD,DUCHESS OF YORK
BOTH MURDERERS,SHERIFF OF WILTSHIRE
FIRST STRANGER,THE LIFE OF TIMON OF ATHENS
CHRISTOPHER,SHERIFF OF WILTSHIRE
HERBERT,SHERIFF OF WILTSHIRE
HORTENSIUS,THE LIFE OF TIMON OF ATHENS
GONZALO,MASTER OF A SHIP
MARINERS,MASTER OF A SHIP
ALCIBIADES,THE LIFE OF TIMON OF ATHENS
APEMANTUS,THE LIFE OF TIMON OF ATHENS
GIRL,SHERIFF OF WILTSHIRE
SECOND MESSENGER,SHERIFF OF WILTSHIRE
FIRST KNIGHT,"PERICLES, PRINCE OF TYRE"
THIRD PIRATE,"PERICLES, PRINCE OF TYRE"
ALL,DUCHESS OF YORK
FIRST MUSICIAN,THE TRAGEDY OF ROMEO AND JULIET
BOATSWAIN,MASTER OF A SHIP
CLEON,"PERICLES, PRINCE OF TYRE"
PURSUIVANT,SHERIFF OF WILTSHIRE
RATCLIFFE,SHERIFF OF WILTSHIRE
ANNE,SHERIFF OF WILTSHIRE
SECOND GENTLEMAN,"PERICLES, PRINCE OF TYRE"
BAPTISTA,THE TAMING OF THE SHREW
SURREY,SHERIFF OF WILTSHIRE
JOSEPH,THE TAMING OF THE SHREW
NICHOLAS,THE TAMING OF THE SHREW
CAPHIS,THE LIFE OF TIMON OF ATHENS
GROOM,DUCHESS OF YORK
OLD ATHENIAN,THE LIFE OF TIMON OF ATHENS
FIRST LADY,THE LIFE OF TIMON OF ATHENS
YORK,DUCHESS OF YORK
KATHERINA,THE TAMING OF THE SHREW
THIRD LORD,"PERICLES, PRINCE OF TYRE"
CURTIS,THE TAMING OF THE SHREW
GHOST OF VAUGHAN,SHERIFF OF WILTSHIRE
SECOND SERVANT,THE TAMING OF THE SHREW
LUCIUS,THE LIFE OF TIMON OF ATHENS
NORTHUMBERLAND,DUCHESS OF YORK
ARCHBISHOP,SHERIFF OF WILTSHIRE
SECOND WATCH,THE TRAGEDY OF ROMEO AND JULIET
PRINCE,SHERIFF OF WILTSHIRE
FRIAR JOHN,THE TRAGEDY OF ROMEO AND JULIET
KEEPER,DUCHESS OF YORK
GENTLEMAN,SHERIFF OF WILTSHIRE
THIRD LORD,THE LIFE OF TIMON OF ATHENS
PETRUCHIO,THE TAMING OF THE SHREW
SECOND CITIZEN,SHERIFF OF WILTSHIRE
LYSIMACHUS,"PERICLES, PRINCE OF TYRE"
DORSET,SHERIFF OF WILTSHIRE
FIRST MURDERER,SHERIFF OF WILTSHIRE
AUMERLE,DUCHESS OF YORK
THE PROLOGUE,THE TRAGEDY OF ROMEO AND JULIET
BRAKENBURY,SHERIFF OF WILTSHIRE
FIRST WATCH,THE TRAGEDY OF ROMEO AND JULIET
ALL LORDS,THE LIFE OF TIMON OF ATHENS
SERVANT,DUCHESS OF YORK
FIRST CITIZEN,SHERIFF OF WILTSHIRE
RIVERS,SHERIFF OF WILTSHIRE
NATHANIEL,THE TAMING OF THE SHREW
SERVINGMAN,DUCHESS OF YORK
PERCY,DUCHESS OF YORK
NURSE,THE TRAGEDY OF ROMEO AND JULIET
NORFOLK,SHERIFF OF WILTSHIRE
JUNO,MASTER OF A SHIP
WIDOW,THE TAMING OF THE SHREW
ESCANES,"PERICLES, PRINCE OF TYRE"
TAILOR,THE TAMING OF THE SHREW
TRINCULO,MASTER OF A SHIP
CALIBAN,MASTER OF A SHIP
THIRD STRANGER,THE LIFE OF TIMON OF ATHENS
SECOND PIRATE,"PERICLES, PRINCE OF TYRE"
SECOND SAILOR,"PERICLES, PRINCE OF TYRE"
SERVANT,THE LIFE OF TIMON OF ATHENS
SECOND FISHERMAN,"PERICLES, PRINCE OF TYRE"
RICHARD,SHERIFF OF WILTSHIRE
SLY,THE TAMING OF THE SHREW
GOWER,"PERICLES, PRINCE OF TYRE"
FIRST PIRATE,"PERICLES, PRINCE OF TYRE"
IRIS,MASTER OF A SHIP
MOWBRAY,DUCHESS OF YORK
DUCHESS,DUCHESS OF YORK
ALONSO,MASTER OF A SHIP
LYCHORIDA,"PERICLES, PRINCE OF TYRE"
GREGORY,THE TRAGEDY OF ROMEO AND JULIET
PHILIP,THE TAMING OF THE SHREW
LADY MONTAGUE,THE TRAGEDY OF ROMEO AND JULIET
SECOND LORD,THE LIFE OF TIMON OF ATHENS
GHOST OF ANNE,SHERIFF OF WILTSHIRE
FITZWATER,DUCHESS OF YORK
PRIEST,SHERIFF OF WILTSHIRE
CARLISLE,DUCHESS OF YORK
PAGE,SHERIFF OF WILTSHIRE
BOLINGBROKE,DUCHESS OF YORK
ROMEO,THE TRAGEDY OF ROMEO AND JULIET
GREMIO,THE TAMING OF THE SHREW
ANTIOCHUS,"PERICLES, PRINCE OF TYRE"
MARSHAL,DUCHESS OF YORK
SOME SPEAK,THE LIFE OF TIMON OF ATHENS
FIRST FISHERMAN,"PERICLES, PRINCE OF TYRE"
BUSHY,DUCHESS OF YORK
PHRYNIA AND TIMANDRA,THE LIFE OF TIMON OF ATHENS
EXTON,DUCHESS OF YORK
THIRD CITIZEN,SHERIFF OF WILTSHIRE
TIMON,THE LIFE OF TIMON OF ATHENS
FRANCISCO,MASTER OF A SHIP
LEONINE,"PERICLES, PRINCE OF TYRE"
GHOST OF HENRY,SHERIFF OF WILTSHIRE
THIRD SERVANT,THE LIFE OF TIMON OF ATHENS
SECOND LORD,"PERICLES, PRINCE OF TYRE"
SIMONIDES,"PERICLES, PRINCE OF TYRE"
CERIMON,"PERICLES, PRINCE OF TYRE"
CARDINAL,SHERIFF OF WILTSHIRE
BLUNT,SHERIFF OF WILTSHIRE
MERCUTIO,THE TRAGEDY OF ROMEO AND JULIET
FOURTH FRIEND,THE LIFE OF TIMON OF ATHENS
PROSPERO,MASTER OF A SHIP
MASTER,MASTER OF A SHIP
SECOND SENATOR,THE LIFE OF TIMON OF ATHENS
BOTH,"PERICLES, PRINCE OF TYRE"
PAGE,THE TRAGEDY OF ROMEO AND JULIET
KING HENRY,DUCHESS OF YORK
SERVILIUS,THE LIFE OF TIMON OF ATHENS
STEPHANO,MASTER OF A SHIP
THIRD SERVANT,THE TAMING OF THE SHREW
SECOND SERVANT,THE LIFE OF TIMON OF ATHENS
JEWELLER,THE LIFE OF TIMON OF ATHENS
FIRST LORD,THE LIFE OF TIMON OF ATHENS
MARINA,"PERICLES, PRINCE OF TYRE"
GHOST OF GREY,SHERIFF OF WILTSHIRE
MESSENGER,SHERIFF OF WILTSHIRE
PAGE,THE TAMING OF THE SHREW
CERES,MASTER OF A SHIP
BUCKINGHAM,SHERIFF OF WILTSHIRE
HASTINGS,SHERIFF OF WILTSHIRE
LADY CAPULET,THE TRAGEDY OF ROMEO AND JULIET
MESSENGER,"PERICLES, PRINCE OF TYRE"
LUCILIUS,THE LIFE OF TIMON OF ATHENS
CHORUS,THE TRAGEDY OF ROMEO AND JULIET
PARIS,THE TRAGEDY OF ROMEO AND JULIET
PHILOTUS,THE LIFE OF TIMON OF ATHENS
VENTIDIUS,THE LIFE OF TIMON OF ATHENS
THIRD KNIGHT,"PERICLES, PRINCE OF TYRE"
CUPID,THE LIFE OF TIMON OF ATHENS
SECOND SERVANT,THE TRAGEDY OF ROMEO AND JULIET
BIANCA,THE TAMING OF THE SHREW
LUCENTIO,THE TAMING OF THE SHREW
GHOST OF HASTINGS,SHERIFF OF WILTSHIRE
PRINCE,THE TRAGEDY OF ROMEO AND JULIET
SCROOP,DUCHESS OF YORK
PETER,THE TRAGEDY OF ROMEO AND JULIET
GAUNT,DUCHESS OF YORK
HARRY PERCY,DUCHESS OF YORK
ALL,SHERIFF OF WILTSHIRE
PAINTER,THE LIFE OF TIMON OF ATHENS
FIRST FRIEND,THE LIFE OF TIMON OF ATHENS
GHOST OF BUCKINGHAM,SHERIFF OF WILTSHIRE
ARIEL,MASTER OF A SHIP
THIRD SENATOR,THE LIFE OF TIMON OF ATHENS
POET,THE LIFE OF TIMON OF ATHENS
RICHARD,DUCHESS OF YORK
ANTONIO,MASTER OF A SHIP
LORDS,SHERIFF OF WILTSHIRE
GHOST OF RIVERS,SHERIFF OF WILTSHIRE
ALL,THE TAMING OF THE SHREW
BOY,SHERIFF OF WILTSHIRE
LUCULLUS,THE LIFE OF TIMON OF ATHENS
GREEN,DUCHESS OF YORK
PEDANT,THE TAMING OF THE SHREW
FIRST SAILOR,"PERICLES, PRINCE OF TYRE"
THIRD FRIEND,THE LIFE OF TIMON OF ATHENS
SECOND MURDERER,SHERIFF OF WILTSHIRE
YORK,SHERIFF OF WILTSHIRE
ABBOT,DUCHESS OF YORK
FIRST HUNTSMAN,THE TAMING OF THE SHREW
ALL LADIES,THE LIFE OF TIMON OF ATHENS
QUEEN ELIZABETH,SHERIFF OF WILTSHIRE
SENATOR,THE LIFE OF TIMON OF ATHENS
QUEEN MARGARET,SHERIFF OF WILTSHIRE
BOULT,"PERICLES, PRINCE OF TYRE"
PLAYERS,THE TAMING OF THE SHREW
ALL,THE LIFE OF TIMON OF ATHENS
NEL,THE TWO NOBLE KINSMEN
BROTHER,THE TWO NOBLE KINSMEN
GAOLER,THE TWO NOBLE KINSMEN
BANDITTI,THE LIFE OF TIMON OF ATHENS
ULYSSES,TROILUS AND CRESSIDA
ANDARUS,TROILUS AND CRESSIDA
HELENUS,TROILUS AND CRESSIDA
DAUGHTER,THE TWO NOBLE KINSMEN
SERVANT,THE TWO GENTLEMEN OF VERONA
THIRD OUTLAW,THE TWO GENTLEMEN OF VERONA
DAMAGE,INCIDENTAL DAMAGES EVEN IF YOU GIVE NOTICE OF THE POSSIBILITY OF SUCH
TROILUS,TROILUS AND CRESSIDA
AGAMEMNON,TROILUS AND CRESSIDA
YOUNG LUCIUS,THE TRAGEDY OF TITUS ANDRONICUS
SECOND OUTLAW,THE TWO GENTLEMEN OF VERONA
FIRST BANDIT,THE LIFE OF TIMON OF ATHENS
WOMAN,THE TWO NOBLE KINSMEN
MARIA,TROILUS AND CRESSIDA
DION,THE TWO NOBLE KINSMEN
MARGARELON,TROILUS AND CRESSIDA
LEONTES,THE TWO NOBLE KINSMEN
OUTLAWS,THE TWO GENTLEMEN OF VERONA
SERVANT,THE TWO NOBLE KINSMEN
OFFICER,THE TWO NOBLE KINSMEN
PERDITA,THE TWO NOBLE KINSMEN
NESTOR,TROILUS AND CRESSIDA
CASSANDRA,TROILUS AND CRESSIDA
ALL KNIGHTS,THE TWO NOBLE KINSMEN
SATURNINUS,THE TRAGEDY OF TITUS ANDRONICUS
SECOND AND THIRD KNIGHT,THE TWO NOBLE KINSMEN
FIRST OFFICER,TROILUS AND CRESSIDA
SECOND FRIEND,THE TWO NOBLE KINSMEN
MOPSA,THE TWO NOBLE KINSMEN
GOTH,THE TRAGEDY OF TITUS ANDRONICUS
DEMETRIUS,THE TRAGEDY OF TITUS ANDRONICUS
EGLAMOUR,THE TWO GENTLEMEN OF VERONA
BAVIAN,THE TWO NOBLE KINSMEN
MENELAUS,TROILUS AND CRESSIDA
ACHILLES,TROILUS AND CRESSIDA
HOST,THE TWO GENTLEMEN OF VERONA
DOCTOR,THE TWO NOBLE KINSMEN
SEBASTIAN,TROILUS AND CRESSIDA
FIRST QUEEN,THE TWO NOBLE KINSMEN
SECOND COUNTRYMAN,THE TWO NOBLE KINSMEN
POLIXENES,THE TWO NOBLE KINSMEN
JAILER,THE TWO NOBLE KINSMEN
ARCITE,THE TWO NOBLE KINSMEN
SECOND GOTH,THE TRAGEDY OF TITUS ANDRONICUS
AUTOLYCUS,THE TWO NOBLE KINSMEN
HIPPOLYTA,THE TWO NOBLE KINSMEN
OLIVIA,TROILUS AND CRESSIDA
FIRST OUTLAW,THE TWO GENTLEMEN OF VERONA
FIRST COUNTRYMAN,THE TWO NOBLE KINSMEN
HECTOR,TROILUS AND CRESSIDA
PRIEST,TROILUS AND CRESSIDA
CHIRON,THE TRAGEDY OF TITUS ANDRONICUS
SECOND OFFICER,TROILUS AND CRESSIDA
PATROCLUS,TROILUS AND CRESSIDA
ALL,THE TRAGEDY OF TITUS ANDRONICUS
MESSENGER,THE TWO NOBLE KINSMEN
LUCETTA,THE TWO GENTLEMEN OF VERONA
VIOLA,TROILUS AND CRESSIDA
THERSITES,TROILUS AND CRESSIDA
DUKE,TROILUS AND CRESSIDA
GOTHS,THE TRAGEDY OF TITUS ANDRONICUS
ANTONIO,TROILUS AND CRESSIDA
AGUECHEEK,TROILUS AND CRESSIDA
PUBLIUS,THE TRAGEDY OF TITUS ANDRONICUS
BOTH,THE LIFE OF TIMON OF ATHENS
TRIBUNES,THE TRAGEDY OF TITUS ANDRONICUS
THIRD COUNTRYMAN,THE TWO NOBLE KINSMEN
CAPTAIN,THE TRAGEDY OF TITUS ANDRONICUS
CURIO,TROILUS AND CRESSIDA
LORD,THE TWO NOBLE KINSMEN
VALENTINE,TROILUS AND CRESSIDA
SOLDIERS,TROILUS AND CRESSIDA
PIRITHOUS,THE TWO NOBLE KINSMEN
GENTLEMAN,THE TWO NOBLE KINSMEN
SECOND BANDIT,THE LIFE OF TIMON OF ATHENS
THIRD QUEEN,THE TWO NOBLE KINSMEN
ALL,THE TWO NOBLE KINSMEN
BOY,TROILUS AND CRESSIDA
LAVINIA,THE TRAGEDY OF TITUS ANDRONICUS
FIRST LADY,THE TWO NOBLE KINSMEN
TAMORA,THE TRAGEDY OF TITUS ANDRONICUS
CRESSIDA,TROILUS AND CRESSIDA
SERVANT,TROILUS AND CRESSIDA
PROTEUS,THE TWO GENTLEMEN OF VERONA
DIOMEDES,TROILUS AND CRESSIDA
PAULINA,THE TWO NOBLE KINSMEN
SECOND LADY,THE TWO NOBLE KINSMEN
CLOWN,THE TRAGEDY OF TITUS ANDRONICUS
PARIS,TROILUS AND CRESSIDA
ANDROMACHE,TROILUS AND CRESSIDA
FIRST GOTH,THE TRAGEDY OF TITUS ANDRONICUS
ANTONIO,THE TWO GENTLEMEN OF VERONA
WOOER,THE TWO NOBLE KINSMEN
ROMANS,THE TRAGEDY OF TITUS ANDRONICUS
ALL QUEENS,THE TWO NOBLE KINSMEN
MAMILLIUS,THE TWO NOBLE KINSMEN
SECOND GENTLEMAN,THE TWO NOBLE KINSMEN
LIMITED TO WARRANTIES OF MERCHANTABILITY OR FITNESS FOR ANY PURPOSE,"OTHER WARRANTIES OF ANY KIND, EXPRESS OR IMPLIED, INCLUDING BUT NOT"
SIR ANDREW,TROILUS AND CRESSIDA
FABIAN,TROILUS AND CRESSIDA
PROLOGUE,THE TWO NOBLE KINSMEN
TABORER,THE TWO NOBLE KINSMEN
JULIA,THE TWO GENTLEMEN OF VERONA
ALL THE QUEENS,THE TWO NOBLE KINSMEN
CLOWN,TROILUS AND CRESSIDA
PALAMON,THE TWO NOBLE KINSMEN
SIR ANDREW AGUECHEEK,TROILUS AND CRESSIDA
NURSE,THE TRAGEDY OF TITUS ANDRONICUS
HELEN,TROILUS AND CRESSIDA
ALL,TROILUS AND CRESSIDA
THIRD BANDIT,THE LIFE OF TIMON OF ATHENS
LUCIUS,THE TRAGEDY OF TITUS ANDRONICUS
LANCE,THE TWO GENTLEMEN OF VERONA
FLORIZEL,THE TWO NOBLE KINSMEN
MALVOLIO,TROILUS AND CRESSIDA
HERALD,THE TWO NOBLE KINSMEN
FIRST LORD,THE TWO NOBLE KINSMEN
PANDARUS,TROILUS AND CRESSIDA
CAMILLO,THE TWO NOBLE KINSMEN
THIRD GENTLEMAN,THE TWO NOBLE KINSMEN
CLOWN,THE TWO NOBLE KINSMEN
DORCAS,THE TWO NOBLE KINSMEN
MESSENGER,THE TRAGEDY OF TITUS ANDRONICUS
SONG,THE TWO NOBLE KINSMEN
SCHOOLMASTER,THE TWO NOBLE KINSMEN
WILLIAM SHAKESPEARE,TO THE RIGHT HONOURABLE
EMILIA,THE TWO NOBLE KINSMEN
SHEPHERD,THE TWO NOBLE KINSMEN
SOLDIER,THE LIFE OF TIMON OF ATHENS
SILVIA,THE TWO GENTLEMEN OF VERONA
SPEED,THE TWO GENTLEMEN OF VERONA
MARTIUS,THE TRAGEDY OF TITUS ANDRONICUS
MARINER,THE TWO NOBLE KINSMEN
AEMILIUS,THE TRAGEDY OF TITUS ANDRONICUS
DUKE,THE TWO GENTLEMEN OF VERONA
MARCUS,THE TRAGEDY OF TITUS ANDRONICUS
HERMIONE,THE TWO NOBLE KINSMEN
FIRST KNIGHT,THE TWO NOBLE KINSMEN
THIRD KNIGHT,THE TWO NOBLE KINSMEN
PANTINO,THE TWO GENTLEMEN OF VERONA
CALCHAS,TROILUS AND CRESSIDA
THE ARGUMENT,TO THE RIGHT HONOURABLE
ANTIGONUS,THE TWO NOBLE KINSMEN
CAPTAIN,TROILUS AND CRESSIDA
FIRST FRIEND,THE TWO NOBLE KINSMEN
SECOND QUEEN,THE TWO NOBLE KINSMEN
ALEXANDER,TROILUS AND CRESSIDA
SIR TOBY,TROILUS AND CRESSIDA
BASSIANUS,THE TRAGEDY OF TITUS ANDRONICUS
QUINTUS,THE TRAGEDY OF TITUS ANDRONICUS
PRIAM,TROILUS AND CRESSIDA
MUTIUS,THE TRAGEDY OF TITUS ANDRONICUS
AJAX,TROILUS AND CRESSIDA
FOURTH COUNTRYMAN,THE TWO NOBLE KINSMEN
TIME,THE TWO NOBLE KINSMEN
FIRST ATTENDANT,THE TWO NOBLE KINSMEN
TITUS,THE TRAGEDY OF TITUS ANDRONICUS
THURIO,THE TWO GENTLEMEN OF VERONA
SECOND KNIGHT,THE TWO NOBLE KINSMEN
AARON,THE TRAGEDY OF TITUS ANDRONICUS
MYRMIDON,TROILUS AND CRESSIDA
BOTH,THE TWO NOBLE KINSMEN
FIRST GENTLEMAN,THE TWO NOBLE KINSMEN
VALENTINE,THE TWO GENTLEMEN OF VERONA
VALERIUS,THE TWO NOBLE KINSMEN
ARCHIDAMUS,THE TWO NOBLE KINSMEN
AENEAS,TROILUS AND CRESSIDA
DEIPHOBUS,TROILUS AND CRESSIDA
THESEUS,THE TWO NOBLE KINSMEN
