play,act,scene,start_line,end_line
VENUS AND ADONIS,ACT V,SCENE III,2909,2931
VENUS AND ADONIS,ACT I,SCENE I,2934,3272
VENUS AND ADONIS,ACT I,SCENE II,3275,3403
VENUS AND ADONIS,ACT I,SCENE III,3406,3787
VENUS AND ADONIS,ACT II,SCENE I,3790,4156
VENUS AND ADONIS,ACT II,SCENE II,4159,4273
VENUS AND ADONIS,ACT II,SCENE III,4276,4796
VENUS AND ADONIS,ACT II,SCENE IV,4799,4900
VENUS AND ADONIS,ACT II,SCENE V,4903,5093
VENUS AND ADONIS,ACT III,SCENE I,5096,5141
VENUS AND ADONIS,ACT III,SCENE II,5144,5372
VENUS AND ADONIS,ACT III,SCENE III,5375,5401
VENUS AND ADONIS,ACT III,SCENE IV,5404,5461
VENUS AND ADONIS,ACT III,SCENE V,5464,5681
VENUS AND ADONIS,ACT III,SCENE VI,5684,5862
VENUS AND ADONIS,ACT III,SCENE VII,5865,5943
VENUS AND ADONIS,ACT IV,SCENE I,5946,6128
VENUS AND ADONIS,ACT IV,SCENE II,6131,6262
VENUS AND ADONIS,ACT IV,SCENE III,6265,6788
VENUS AND ADONIS,ACT IV,SCENE IV,6791,6844
VENUS AND ADONIS,ACT IV,SCENE V,6847,7011
VENUS AND ADONIS,ACT V,SCENE I,7014,7096
VENUS AND ADONIS,ACT V,SCENE II,7099,7185
VENUS AND ADONIS,ACT V,SCENE III,7188,7830
THE TRAGEDY OF ANTONY AND CLEOPATRA,ACT I,SCENE I,7978,8091
THE TRAGEDY OF ANTONY AND CLEOPATRA,ACT I,SCENE II,8094,8497
THE TRAGEDY OF ANTONY AND CLEOPATRA,ACT I,SCENE III,8500,8712
THE TRAGEDY OF ANTONY AND CLEOPATRA,ACT I,SCENE IV,8715,8843
THE TRAGEDY OF ANTONY AND CLEOPATRA,ACT I,SCENE V,8846,9010
THE TRAGEDY OF ANTONY AND CLEOPATRA,ACT II,SCENE I,9013,9106
THE TRAGEDY OF ANTONY AND CLEOPATRA,ACT II,SCENE II,9109,9579
THE TRAGEDY OF ANTONY AND CLEOPATRA,ACT II,SCENE III,9582,9670
THE TRAGEDY OF ANTONY AND CLEOPATRA,ACT II,SCENE IV,9673,9704
THE TRAGEDY OF ANTONY AND CLEOPATRA,ACT II,SCENE V,9707,9995
THE TRAGEDY OF ANTONY AND CLEOPATRA,ACT II,SCENE VI,9998,10295
THE TRAGEDY OF ANTONY AND CLEOPATRA,ACT II,SCENE VII,10298,10616
THE TRAGEDY OF ANTONY AND CLEOPATRA,ACT III,SCENE I,10619,10678
THE TRAGEDY OF ANTONY AND CLEOPATRA,ACT III,SCENE II,10681,10847
THE TRAGEDY OF ANTONY AND CLEOPATRA,ACT III,SCENE III,10850,11002
THE TRAGEDY OF ANTONY AND CLEOPATRA,ACT III,SCENE IV,11005,11059
THE TRAGEDY OF ANTONY AND CLEOPATRA,ACT III,SCENE V,11062,11113
THE TRAGEDY OF ANTONY AND CLEOPATRA,ACT III,SCENE VI,11116,11288
THE TRAGEDY OF ANTONY AND CLEOPATRA,ACT III,SCENE VII,11291,11482
THE TRAGEDY OF ANTONY AND CLEOPATRA,ACT III,SCENE VIII,11485,11500
THE TRAGEDY OF ANTONY AND CLEOPATRA,ACT III,SCENE IX,11503,11512
THE TRAGEDY OF ANTONY AND CLEOPATRA,ACT III,SCENE X,11515,11601
THE TRAGEDY OF ANTONY AND CLEOPATRA,ACT III,SCENE XI,11604,11749
THE TRAGEDY OF ANTONY AND CLEOPATRA,ACT III,SCENE XII,11752,11827
THE TRAGEDY OF ANTONY AND CLEOPATRA,ACT III,SCENE XIII,11830,12235
THE TRAGEDY OF ANTONY AND CLEOPATRA,ACT IV,SCENE I,12238,12266
THE TRAGEDY OF ANTONY AND CLEOPATRA,ACT IV,SCENE II,12269,12367
THE TRAGEDY OF ANTONY AND CLEOPATRA,ACT IV,SCENE III,12370,12462
THE TRAGEDY OF ANTONY AND CLEOPATRA,ACT IV,SCENE IV,12465,12561
THE TRAGEDY OF ANTONY AND CLEOPATRA,ACT IV,SCENE V,12564,12614
THE TRAGEDY OF ANTONY AND CLEOPATRA,ACT IV,SCENE VI,12617,12693
THE TRAGEDY OF ANTONY AND CLEOPATRA,ACT IV,SCENE VII,12696,12747
THE TRAGEDY OF ANTONY AND CLEOPATRA,ACT IV,SCENE VIII,12750,12810
THE TRAGEDY OF ANTONY AND CLEOPATRA,ACT IV,SCENE IX,12813,12897
THE TRAGEDY OF ANTONY AND CLEOPATRA,ACT IV,SCENE X,12900,12919
THE TRAGEDY OF ANTONY AND CLEOPATRA,ACT IV,SCENE XI,12922,12931
THE TRAGEDY OF ANTONY AND CLEOPATRA,ACT IV,SCENE XII,12934,13013
THE TRAGEDY OF ANTONY AND CLEOPATRA,ACT IV,SCENE XIII,13016,13037
THE TRAGEDY OF ANTONY AND CLEOPATRA,ACT IV,SCENE XIV,13040,13351
THE TRAGEDY OF ANTONY AND CLEOPATRA,ACT IV,SCENE XV,13354,13536
THE TRAGEDY OF ANTONY AND CLEOPATRA,ACT V,SCENE I,13539,13691
THE TRAGEDY OF ANTONY AND CLEOPATRA,ACT V,SCENE II,13694,14473
AS YOU LIKE IT,ACT I,SCENE I,14554,14778
AS YOU LIKE IT,ACT I,SCENE II,14781,15267
AS YOU LIKE IT,ACT I,SCENE III,15270,15512
AS YOU LIKE IT,ACT II,SCENE I,15516,15611
AS YOU LIKE IT,ACT II,SCENE II,15614,15646
AS YOU LIKE IT,ACT II,SCENE III,15649,15749
AS YOU LIKE IT,ACT II,SCENE IV,15752,15923
AS YOU LIKE IT,ACT II,SCENE V,15926,16023
AS YOU LIKE IT,ACT II,SCENE VI,16026,16046
AS YOU LIKE IT,ACT II,SCENE VII,16049,16350
AS YOU LIKE IT,ACT III,SCENE I,16354,16381
AS YOU LIKE IT,ACT III,SCENE II,16384,17029
AS YOU LIKE IT,ACT III,SCENE III,17032,17181
AS YOU LIKE IT,ACT III,SCENE IV,17184,17287
AS YOU LIKE IT,ACT III,SCENE V,17290,17492
AS YOU LIKE IT,ACT IV,SCENE I,17496,17836
AS YOU LIKE IT,ACT IV,SCENE II,17839,17874
AS YOU LIKE IT,ACT IV,SCENE III,17877,18178
AS YOU LIKE IT,ACT V,SCENE I,18182,18300
AS YOU LIKE IT,ACT V,SCENE II,18303,18501
AS YOU LIKE IT,ACT V,SCENE III,18504,18577
AS YOU LIKE IT,ACT V,SCENE IV,18580,18911
THE COMEDY OF ERRORS,ACT I,SCENE I,18967,19149
THE COMEDY OF ERRORS,ACT I,SCENE II,19152,19321
THE COMEDY OF ERRORS,ACT II,SCENE I,19324,19524
THE COMEDY OF ERRORS,ACT II,SCENE II,19527,19910
THE COMEDY OF ERRORS,ACT III,SCENE I,19913,20172
THE COMEDY OF ERRORS,ACT III,SCENE II,20175,20485
THE COMEDY OF ERRORS,ACT IV,SCENE I,20488,20695
THE COMEDY OF ERRORS,ACT IV,SCENE II,20698,20843
THE COMEDY OF ERRORS,ACT IV,SCENE III,20846,20995
THE COMEDY OF ERRORS,ACT IV,SCENE IV,20998,21349
THE COMEDY OF ERRORS,ACT V,SCENE I,21352,22112
TWO VOLSCIAN GUARDS,ACT I,SCENE I,22194,22675
TWO VOLSCIAN GUARDS,ACT I,SCENE II,22678,22749
TWO VOLSCIAN GUARDS,ACT I,SCENE III,22752,22940
TWO VOLSCIAN GUARDS,ACT I,SCENE IV,22943,23103
TWO VOLSCIAN GUARDS,ACT I,SCENE V,23106,23169
TWO VOLSCIAN GUARDS,ACT I,SCENE VI,23172,23340
TWO VOLSCIAN GUARDS,ACT I,SCENE VII,23343,23362
TWO VOLSCIAN GUARDS,ACT I,SCENE VIII,23365,23403
TWO VOLSCIAN GUARDS,ACT I,SCENE IX,23406,23561
TWO VOLSCIAN GUARDS,ACT I,SCENE X,23564,23625
TWO VOLSCIAN GUARDS,ACT II,SCENE I,23629,24097
TWO VOLSCIAN GUARDS,ACT II,SCENE II,24100,24378
TWO VOLSCIAN GUARDS,ACT II,SCENE III,24381,24854
TWO VOLSCIAN GUARDS,ACT III,SCENE I,24858,25616
TWO VOLSCIAN GUARDS,ACT III,SCENE II,25619,25888
TWO VOLSCIAN GUARDS,ACT III,SCENE III,25891,26203
TWO VOLSCIAN GUARDS,ACT IV,SCENE I,26207,26298
TWO VOLSCIAN GUARDS,ACT IV,SCENE II,26301,26444
TWO VOLSCIAN GUARDS,ACT IV,SCENE III,26447,26530
TWO VOLSCIAN GUARDS,ACT IV,SCENE IV,26533,26586
TWO VOLSCIAN GUARDS,ACT IV,SCENE V,26589,27000
TWO VOLSCIAN GUARDS,ACT IV,SCENE VI,27003,27365
TWO VOLSCIAN GUARDS,ACT IV,SCENE VII,27368,27449
TWO VOLSCIAN GUARDS,ACT V,SCENE I,27453,27588
TWO VOLSCIAN GUARDS,ACT V,SCENE II,27591,27772
TWO VOLSCIAN GUARDS,ACT V,SCENE III,27775,28100
TWO VOLSCIAN GUARDS,ACT V,SCENE IV,28103,28219
TWO VOLSCIAN GUARDS,ACT V,SCENE V,28222,28239
TWO VOLSCIAN GUARDS,ACT V,SCENE VI,28242,28557
TWO VOLSCIAN GUARDS,ACT II,SCENE II,28569,28569
TWO VOLSCIAN GUARDS,ACT II,SCENE III,28571,28571
TWO VOLSCIAN GUARDS,ACT V,SCENE II,28594,28594
TWO VOLSCIAN GUARDS,ACT V,SCENE V,28602,28639
TWO BRITISH CAPTAINS,ACT I,SCENE I,28646,28763
TWO BRITISH CAPTAINS,ACT I,SCENE II,28766,29007
TWO BRITISH CAPTAINS,ACT I,SCENE III,29010,29085
TWO BRITISH CAPTAINS,ACT I,SCENE IV,29088,29169
TWO BRITISH CAPTAINS,ACT I,SCENE V,29172,29417
TWO BRITISH CAPTAINS,ACT I,SCENE VI,29420,29572
TWO BRITISH CAPTAINS,ACT I,SCENE VII,29575,29941
TWO BRITISH CAPTAINS,ACT II,SCENE I,29945,30057
TWO BRITISH CAPTAINS,ACT II,SCENE II,30059,30140
TWO BRITISH CAPTAINS,ACT II,SCENE III,30142,30450
TWO BRITISH CAPTAINS,ACT II,SCENE IV,30453,30767
TWO BRITISH CAPTAINS,ACT II,SCENE V,30770,30815
TWO BRITISH CAPTAINS,ACT III,SCENE I,30819,30944
TWO BRITISH CAPTAINS,ACT III,SCENE II,30947,31060
TWO BRITISH CAPTAINS,ACT III,SCENE III,31063,31199
TWO BRITISH CAPTAINS,ACT III,SCENE IV,31202,31491
TWO BRITISH CAPTAINS,ACT III,SCENE V,31494,31806
TWO BRITISH CAPTAINS,ACT III,SCENE VI,31809,31841
TWO BRITISH CAPTAINS,ACT III,SCENE VII,31844,31991
TWO BRITISH CAPTAINS,ACT III,SCENE VIII,31994,32033
TWO BRITISH CAPTAINS,ACT IV,SCENE I,32037,32061
TWO BRITISH CAPTAINS,ACT IV,SCENE II,32064,32836
TWO BRITISH CAPTAINS,ACT IV,SCENE III,32839,32917
TWO BRITISH CAPTAINS,ACT IV,SCENE IV,32920,33018
TWO BRITISH CAPTAINS,ACT V,SCENE I,33022,33060
TWO BRITISH CAPTAINS,ACT V,SCENE II,33062,33111
TWO BRITISH CAPTAINS,ACT V,SCENE III,33114,33263
TWO BRITISH CAPTAINS,ACT V,SCENE IV,33266,33560
TWO BRITISH CAPTAINS,ACT V,SCENE V,33563,34442
"THE TRAGEDY OF HAMLET, PRINCE OF DENMARK",ACT I,SCENE I,34516,34840
"THE TRAGEDY OF HAMLET, PRINCE OF DENMARK",ACT I,SCENE II,34843,35285
"THE TRAGEDY OF HAMLET, PRINCE OF DENMARK",ACT I,SCENE III,35288,35490
"THE TRAGEDY OF HAMLET, PRINCE OF DENMARK",ACT I,SCENE IV,35493,35670
"THE TRAGEDY OF HAMLET, PRINCE OF DENMARK",ACT I,SCENE V,35673,36019
"THE TRAGEDY OF HAMLET, PRINCE OF DENMARK",ACT II,SCENE I,36023,36233
"THE TRAGEDY OF HAMLET, PRINCE OF DENMARK",ACT II,SCENE II,36236,37169
"THE TRAGEDY OF HAMLET, PRINCE OF DENMARK",ACT III,SCENE I,37173,37467
"THE TRAGEDY OF HAMLET, PRINCE OF DENMARK",ACT III,SCENE II,37470,38166
"THE TRAGEDY OF HAMLET, PRINCE OF DENMARK",ACT III,SCENE III,38169,38304
"THE TRAGEDY OF HAMLET, PRINCE OF DENMARK",ACT III,SCENE IV,38307,38679
"THE TRAGEDY OF HAMLET, PRINCE OF DENMARK",ACT IV,SCENE I,38683,38755
"THE TRAGEDY OF HAMLET, PRINCE OF DENMARK",ACT IV,SCENE II,38758,38821
"THE TRAGEDY OF HAMLET, PRINCE OF DENMARK",ACT IV,SCENE III,38824,38963
"THE TRAGEDY OF HAMLET, PRINCE OF DENMARK",ACT IV,SCENE IV,38966,39080
"THE TRAGEDY OF HAMLET, PRINCE OF DENMARK",ACT IV,SCENE V,39083,39476
"THE TRAGEDY OF HAMLET, PRINCE OF DENMARK",ACT IV,SCENE VI,39479,39530
"THE TRAGEDY OF HAMLET, PRINCE OF DENMARK",ACT IV,SCENE VII,39533,39845
"THE TRAGEDY OF HAMLET, PRINCE OF DENMARK",ACT V,SCENE I,39849,40372
"THE TRAGEDY OF HAMLET, PRINCE OF DENMARK",ACT V,SCENE II,40375,41140
THE FIRST PART OF KING HENRY THE FOURTH,ACT V,SCENE V,41193,41206
THE FIRST PART OF KING HENRY THE FOURTH,ACT I,SCENE I,41209,41340
THE FIRST PART OF KING HENRY THE FOURTH,ACT I,SCENE II,41343,41646
THE FIRST PART OF KING HENRY THE FOURTH,ACT I,SCENE III,41649,42086
THE FIRST PART OF KING HENRY THE FOURTH,ACT II,SCENE I,42089,42237
THE FIRST PART OF KING HENRY THE FOURTH,ACT II,SCENE II,42240,42452
THE FIRST PART OF KING HENRY THE FOURTH,ACT II,SCENE III,42455,42622
THE FIRST PART OF KING HENRY THE FOURTH,ACT II,SCENE IV,42625,43526
THE FIRST PART OF KING HENRY THE FOURTH,ACT III,SCENE I,43529,43963
THE FIRST PART OF KING HENRY THE FOURTH,ACT III,SCENE II,43966,44174
THE FIRST PART OF KING HENRY THE FOURTH,ACT III,SCENE III,44177,44513
THE FIRST PART OF KING HENRY THE FOURTH,ACT IV,SCENE I,44516,44732
THE FIRST PART OF KING HENRY THE FOURTH,ACT IV,SCENE II,44735,44851
THE FIRST PART OF KING HENRY THE FOURTH,ACT IV,SCENE III,44854,45038
THE FIRST PART OF KING HENRY THE FOURTH,ACT IV,SCENE IV,45041,45110
THE FIRST PART OF KING HENRY THE FOURTH,ACT V,SCENE I,45113,45302
THE FIRST PART OF KING HENRY THE FOURTH,ACT V,SCENE II,45305,45462
THE FIRST PART OF KING HENRY THE FOURTH,ACT V,SCENE III,45465,45587
THE FIRST PART OF KING HENRY THE FOURTH,ACT V,SCENE IV,45590,45865
THE FIRST PART OF KING HENRY THE FOURTH,ACT V,SCENE V,45868,45949
THE SECOND PART OF KING HENRY THE FOURTH,ACT V,SCENE V,45997,46086
THE SECOND PART OF KING HENRY THE FOURTH,ACT I,SCENE I,46089,46397
THE SECOND PART OF KING HENRY THE FOURTH,ACT I,SCENE II,46400,46737
THE SECOND PART OF KING HENRY THE FOURTH,ACT I,SCENE III,46740,46901
THE SECOND PART OF KING HENRY THE FOURTH,ACT II,SCENE I,46904,47203
THE SECOND PART OF KING HENRY THE FOURTH,ACT II,SCENE II,47206,47483
THE SECOND PART OF KING HENRY THE FOURTH,ACT II,SCENE III,47486,47575
THE SECOND PART OF KING HENRY THE FOURTH,ACT II,SCENE IV,47578,48224
THE SECOND PART OF KING HENRY THE FOURTH,ACT III,SCENE I,48227,48372
THE SECOND PART OF KING HENRY THE FOURTH,ACT III,SCENE II,48375,48904
THE SECOND PART OF KING HENRY THE FOURTH,ACT IV,SCENE I,48907,49235
THE SECOND PART OF KING HENRY THE FOURTH,ACT IV,SCENE II,49238,49452
THE SECOND PART OF KING HENRY THE FOURTH,ACT IV,SCENE III,49455,49637
THE SECOND PART OF KING HENRY THE FOURTH,ACT IV,SCENE IV,49640,49851
THE SECOND PART OF KING HENRY THE FOURTH,ACT IV,SCENE V,49854,50211
THE SECOND PART OF KING HENRY THE FOURTH,ACT V,SCENE I,50214,50344
THE SECOND PART OF KING HENRY THE FOURTH,ACT V,SCENE II,50347,50558
THE SECOND PART OF KING HENRY THE FOURTH,ACT V,SCENE III,50561,50834
THE SECOND PART OF KING HENRY THE FOURTH,ACT V,SCENE IV,50837,50893
THE SECOND PART OF KING HENRY THE FOURTH,ACT V,SCENE V,50896,51142
THE LIFE OF KING HENRY THE FIFTH,ACT V,SCENE II,51184,51288
THE LIFE OF KING HENRY THE FIFTH,ACT I,SCENE I,51292,51441
THE LIFE OF KING HENRY THE FIFTH,ACT I,SCENE II,51444,51887
THE LIFE OF KING HENRY THE FIFTH,ACT II,SCENE I,51890,52101
THE LIFE OF KING HENRY THE FIFTH,ACT II,SCENE II,52104,52366
THE LIFE OF KING HENRY THE FIFTH,ACT II,SCENE III,52369,52467
THE LIFE OF KING HENRY THE FIFTH,ACT II,SCENE IV,52470,52724
THE LIFE OF KING HENRY THE FIFTH,ACT III,SCENE I,52727,52767
THE LIFE OF KING HENRY THE FIFTH,ACT III,SCENE II,52770,52966
THE LIFE OF KING HENRY THE FIFTH,ACT III,SCENE III,52969,53037
THE LIFE OF KING HENRY THE FIFTH,ACT III,SCENE IV,53040,53164
THE LIFE OF KING HENRY THE FIFTH,ACT III,SCENE V,53167,53264
THE LIFE OF KING HENRY THE FIFTH,ACT III,SCENE VI,53267,53507
THE LIFE OF KING HENRY THE FIFTH,ACT III,SCENE VII,53510,53851
THE LIFE OF KING HENRY THE FIFTH,ACT IV,SCENE I,53854,54318
THE LIFE OF KING HENRY THE FIFTH,ACT IV,SCENE II,54321,54424
THE LIFE OF KING HENRY THE FIFTH,ACT IV,SCENE III,54427,54626
THE LIFE OF KING HENRY THE FIFTH,ACT IV,SCENE IV,54629,54763
THE LIFE OF KING HENRY THE FIFTH,ACT IV,SCENE V,54766,54816
THE LIFE OF KING HENRY THE FIFTH,ACT IV,SCENE VI,54819,54874
THE LIFE OF KING HENRY THE FIFTH,ACT IV,SCENE VII,54877,55158
THE LIFE OF KING HENRY THE FIFTH,ACT IV,SCENE VIII,55161,55423
THE LIFE OF KING HENRY THE FIFTH,ACT V,SCENE I,55426,55560
THE LIFE OF KING HENRY THE FIFTH,ACT V,SCENE II,55563,56089
COUNTESS OF AUVERGNE,ACT I,SCENE I,56194,56451
COUNTESS OF AUVERGNE,ACT I,SCENE II,56454,56701
COUNTESS OF AUVERGNE,ACT I,SCENE III,56704,56876
COUNTESS OF AUVERGNE,ACT I,SCENE IV,56879,57048
COUNTESS OF AUVERGNE,ACT I,SCENE V,57051,57123
COUNTESS OF AUVERGNE,ACT I,SCENE VI,57126,57176
COUNTESS OF AUVERGNE,ACT II,SCENE I,57180,57347
COUNTESS OF AUVERGNE,ACT II,SCENE II,57350,57447
COUNTESS OF AUVERGNE,ACT II,SCENE III,57450,57598
COUNTESS OF AUVERGNE,ACT II,SCENE IV,57601,57841
COUNTESS OF AUVERGNE,ACT II,SCENE V,57844,58024
COUNTESS OF AUVERGNE,ACT III,SCENE I,58028,58371
COUNTESS OF AUVERGNE,ACT III,SCENE II,58374,58642
COUNTESS OF AUVERGNE,ACT III,SCENE III,58645,58800
COUNTESS OF AUVERGNE,ACT III,SCENE IV,58803,58884
COUNTESS OF AUVERGNE,ACT IV,SCENE I,58888,59188
COUNTESS OF AUVERGNE,ACT IV,SCENE II,59191,59264
COUNTESS OF AUVERGNE,ACT IV,SCENE III,59267,59350
COUNTESS OF AUVERGNE,ACT IV,SCENE IV,59353,59428
COUNTESS OF AUVERGNE,ACT IV,SCENE V,59431,59527
COUNTESS OF AUVERGNE,ACT IV,SCENE VI,59530,59601
COUNTESS OF AUVERGNE,ACT IV,SCENE VII,59604,59757
COUNTESS OF AUVERGNE,ACT V,SCENE I,59761,59858
COUNTESS OF AUVERGNE,ACT V,SCENE II,59861,59908
COUNTESS OF AUVERGNE,ACT V,SCENE III,59911,60289
COUNTESS OF AUVERGNE,ACT V,SCENE IV,60292,60564
COUNTESS OF AUVERGNE,ACT V,SCENE V,60567,60716
SIR HUMPHREY STAFFORD,ACT I,SCENE I,60825,61160
SIR HUMPHREY STAFFORD,ACT I,SCENE II,61163,61318
SIR HUMPHREY STAFFORD,ACT I,SCENE III,61321,61692
SIR HUMPHREY STAFFORD,ACT I,SCENE IV,61695,61856
SIR HUMPHREY STAFFORD,ACT II,SCENE I,61860,62294
SIR HUMPHREY STAFFORD,ACT II,SCENE II,62297,62415
SIR HUMPHREY STAFFORD,ACT II,SCENE III,62418,62593
SIR HUMPHREY STAFFORD,ACT II,SCENE IV,62596,62777
SIR HUMPHREY STAFFORD,ACT III,SCENE I,62781,63313
SIR HUMPHREY STAFFORD,ACT III,SCENE II,63316,63930
SIR HUMPHREY STAFFORD,ACT III,SCENE III,63933,63996
SIR HUMPHREY STAFFORD,ACT IV,SCENE I,64000,64240
SIR HUMPHREY STAFFORD,ACT IV,SCENE II,64243,64590
SIR HUMPHREY STAFFORD,ACT IV,SCENE III,64593,64625
SIR HUMPHREY STAFFORD,ACT IV,SCENE IV,64628,64739
SIR HUMPHREY STAFFORD,ACT IV,SCENE V,64742,64763
SIR HUMPHREY STAFFORD,ACT IV,SCENE VI,64766,64796
SIR HUMPHREY STAFFORD,ACT IV,SCENE VII,64799,65000
SIR HUMPHREY STAFFORD,ACT IV,SCENE VIII,65003,65094
SIR HUMPHREY STAFFORD,ACT IV,SCENE IX,65097,65178
SIR HUMPHREY STAFFORD,ACT IV,SCENE X,65181,65291
SIR HUMPHREY STAFFORD,ACT V,SCENE I,65295,65670
SIR HUMPHREY STAFFORD,ACT V,SCENE II,65673,65836
SIR HUMPHREY STAFFORD,ACT V,SCENE III,65839,65898
SIR JOHN SOMERVILLE,ACT I,SCENE I,65996,66548
SIR JOHN SOMERVILLE,ACT I,SCENE II,66551,66694
SIR JOHN SOMERVILLE,ACT I,SCENE III,66697,66798
SIR JOHN SOMERVILLE,ACT I,SCENE IV,66801,67060
SIR JOHN SOMERVILLE,ACT II,SCENE I,67064,67347
SIR JOHN SOMERVILLE,ACT II,SCENE II,67350,67632
SIR JOHN SOMERVILLE,ACT II,SCENE III,67635,67722
SIR JOHN SOMERVILLE,ACT II,SCENE IV,67725,67749
SIR JOHN SOMERVILLE,ACT II,SCENE V,67752,67941
SIR JOHN SOMERVILLE,ACT II,SCENE VI,67944,68119
SIR JOHN SOMERVILLE,ACT III,SCENE I,68123,68284
SIR JOHN SOMERVILLE,ACT III,SCENE II,68287,68657
SIR JOHN SOMERVILLE,ACT III,SCENE III,68660,69101
SIR JOHN SOMERVILLE,ACT IV,SCENE I,69105,69366
SIR JOHN SOMERVILLE,ACT IV,SCENE II,69369,69413
SIR JOHN SOMERVILLE,ACT IV,SCENE III,69416,69549
SIR JOHN SOMERVILLE,ACT IV,SCENE IV,69552,69610
SIR JOHN SOMERVILLE,ACT IV,SCENE V,69613,69674
SIR JOHN SOMERVILLE,ACT IV,SCENE VI,69677,69840
SIR JOHN SOMERVILLE,ACT IV,SCENE VII,69843,70015
SIR JOHN SOMERVILLE,ACT IV,SCENE VIII,70018,70134
SIR JOHN SOMERVILLE,ACT V,SCENE I,70138,70372
SIR JOHN SOMERVILLE,ACT V,SCENE II,70375,70449
SIR JOHN SOMERVILLE,ACT V,SCENE III,70452,70488
SIR JOHN SOMERVILLE,ACT V,SCENE IV,70491,70607
SIR JOHN SOMERVILLE,ACT V,SCENE V,70610,70802
SIR JOHN SOMERVILLE,ACT V,SCENE VI,70805,70941
SIR JOHN SOMERVILLE,ACT V,SCENE VII,70944,71024
SIR ANTHONY DENNY,ACT I,SCENE I,71157,71553
SIR ANTHONY DENNY,ACT I,SCENE II,71556,71905
SIR ANTHONY DENNY,ACT I,SCENE III,71908,72045
SIR ANTHONY DENNY,ACT I,SCENE IV,72048,72322
SIR ANTHONY DENNY,ACT II,SCENE I,72326,72615
SIR ANTHONY DENNY,ACT II,SCENE II,72618,72896
SIR ANTHONY DENNY,ACT II,SCENE III,72899,73095
SIR ANTHONY DENNY,ACT II,SCENE IV,73098,73449
SIR ANTHONY DENNY,ACT III,SCENE I,73453,73738
SIR ANTHONY DENNY,ACT III,SCENE II,73741,74533
SIR ANTHONY DENNY,ACT IV,SCENE I,74537,74806
SIR ANTHONY DENNY,ACT IV,SCENE II,74809,75124
SIR ANTHONY DENNY,ACT V,SCENE I,75128,75465
SIR ANTHONY DENNY,ACT V,SCENE II,75468,75878
SIR ANTHONY DENNY,ACT V,SCENE III,75881,76008
SIR ANTHONY DENNY,ACT V,SCENE IV,76011,76162
THE LIFE AND DEATH OF KING JOHN,ACT V,SCENE VII,76194,76230
THE LIFE AND DEATH OF KING JOHN,ACT I,SCENE I,76233,76660
THE LIFE AND DEATH OF KING JOHN,ACT II,SCENE I,76663,77535
THE LIFE AND DEATH OF KING JOHN,ACT III,SCENE I,77538,78053
THE LIFE AND DEATH OF KING JOHN,ACT III,SCENE II,78056,78078
THE LIFE AND DEATH OF KING JOHN,ACT III,SCENE III,78081,78211
THE LIFE AND DEATH OF KING JOHN,ACT III,SCENE IV,78214,78486
THE LIFE AND DEATH OF KING JOHN,ACT IV,SCENE I,78489,78730
THE LIFE AND DEATH OF KING JOHN,ACT IV,SCENE II,78733,79141
THE LIFE AND DEATH OF KING JOHN,ACT IV,SCENE III,79144,79438
THE LIFE AND DEATH OF KING JOHN,ACT V,SCENE I,79441,79558
THE LIFE AND DEATH OF KING JOHN,ACT V,SCENE II,79561,79789
THE LIFE AND DEATH OF KING JOHN,ACT V,SCENE III,79792,79828
THE LIFE AND DEATH OF KING JOHN,ACT V,SCENE IV,79831,79922
THE LIFE AND DEATH OF KING JOHN,ACT V,SCENE V,79925,79967
THE LIFE AND DEATH OF KING JOHN,ACT V,SCENE VI,79970,80061
THE LIFE AND DEATH OF KING JOHN,ACT V,SCENE VII,80064,80262
THE TRAGEDY OF JULIUS CAESAR,ACT I,SCENE I,80341,80454
THE TRAGEDY OF JULIUS CAESAR,ACT I,SCENE II,80457,80974
THE TRAGEDY OF JULIUS CAESAR,ACT I,SCENE III,80977,81240
THE TRAGEDY OF JULIUS CAESAR,ACT II,SCENE I,81244,81811
THE TRAGEDY OF JULIUS CAESAR,ACT II,SCENE II,81814,82037
THE TRAGEDY OF JULIUS CAESAR,ACT II,SCENE III,82040,82056
THE TRAGEDY OF JULIUS CAESAR,ACT II,SCENE IV,82059,82161
THE TRAGEDY OF JULIUS CAESAR,ACT III,SCENE I,82165,82692
THE TRAGEDY OF JULIUS CAESAR,ACT III,SCENE II,82695,83170
THE TRAGEDY OF JULIUS CAESAR,ACT III,SCENE III,83173,83265
THE TRAGEDY OF JULIUS CAESAR,ACT IV,SCENE I,83269,83356
THE TRAGEDY OF JULIUS CAESAR,ACT IV,SCENE II,83359,83471
THE TRAGEDY OF JULIUS CAESAR,ACT IV,SCENE III,83474,84167
THE TRAGEDY OF JULIUS CAESAR,ACT V,SCENE I,84171,84406
THE TRAGEDY OF JULIUS CAESAR,ACT V,SCENE II,84409,84423
THE TRAGEDY OF JULIUS CAESAR,ACT V,SCENE III,84426,84639
THE TRAGEDY OF JULIUS CAESAR,ACT V,SCENE IV,84642,84713
THE TRAGEDY OF JULIUS CAESAR,ACT V,SCENE V,84716,84909
THE TRAGEDY OF KING LEAR,ACT V,SCENE III,84963,84981
THE TRAGEDY OF KING LEAR,ACT I,SCENE I,84985,85491
THE TRAGEDY OF KING LEAR,ACT I,SCENE II,85494,85769
THE TRAGEDY OF KING LEAR,ACT I,SCENE III,85772,85818
THE TRAGEDY OF KING LEAR,ACT I,SCENE IV,85821,86432
THE TRAGEDY OF KING LEAR,ACT I,SCENE V,86435,86549
THE TRAGEDY OF KING LEAR,ACT II,SCENE I,86553,86800
THE TRAGEDY OF KING LEAR,ACT II,SCENE II,86803,87120
THE TRAGEDY OF KING LEAR,ACT II,SCENE III,87123,87149
THE TRAGEDY OF KING LEAR,ACT II,SCENE IV,87152,87717
THE TRAGEDY OF KING LEAR,ACT III,SCENE I,87721,87805
THE TRAGEDY OF KING LEAR,ACT III,SCENE II,87808,87940
THE TRAGEDY OF KING LEAR,ACT III,SCENE III,87943,87977
THE TRAGEDY OF KING LEAR,ACT III,SCENE IV,87980,88294
THE TRAGEDY OF KING LEAR,ACT III,SCENE V,88297,88338
THE TRAGEDY OF KING LEAR,ACT III,SCENE VI,88341,88533
THE TRAGEDY OF KING LEAR,ACT III,SCENE VII,88536,88801
THE TRAGEDY OF KING LEAR,ACT IV,SCENE I,88805,88964
THE TRAGEDY OF KING LEAR,ACT IV,SCENE II,88967,89150
THE TRAGEDY OF KING LEAR,ACT IV,SCENE III,89153,89258
THE TRAGEDY OF KING LEAR,ACT IV,SCENE IV,89261,89312
THE TRAGEDY OF KING LEAR,ACT IV,SCENE V,89315,89401
THE TRAGEDY OF KING LEAR,ACT IV,SCENE VI,89404,89915
THE TRAGEDY OF KING LEAR,ACT IV,SCENE VII,89918,90126
THE TRAGEDY OF KING LEAR,ACT V,SCENE I,90130,90288
THE TRAGEDY OF KING LEAR,ACT V,SCENE II,90291,90326
THE TRAGEDY OF KING LEAR,ACT V,SCENE III,90329,91018
THE TRAGEDY OF KING LEAR,ACT V,SCENE II,91040,91074
THE TRAGEDY OF KING LEAR,ACT I,SCENE I,91078,91572
THE TRAGEDY OF KING LEAR,ACT I,SCENE II,91575,91916
THE TRAGEDY OF KING LEAR,ACT II,SCENE I,91920,92449
THE TRAGEDY OF KING LEAR,ACT III,SCENE I,92453,92809
THE TRAGEDY OF KING LEAR,ACT IV,SCENE I,92813,93102
THE TRAGEDY OF KING LEAR,ACT IV,SCENE II,93105,93346
THE TRAGEDY OF KING LEAR,ACT IV,SCENE III,93349,93954
THE TRAGEDY OF KING LEAR,ACT V,SCENE I,93958,94194
THE TRAGEDY OF KING LEAR,ACT V,SCENE II,94197,96026
THE TRAGEDY OF MACBETH,ACT V,SCENE VIII,96093,96108
THE TRAGEDY OF MACBETH,ACT I,SCENE I,96112,96148
THE TRAGEDY OF MACBETH,ACT I,SCENE II,96151,96273
THE TRAGEDY OF MACBETH,ACT I,SCENE III,96276,96558
THE TRAGEDY OF MACBETH,ACT I,SCENE IV,96561,96656
THE TRAGEDY OF MACBETH,ACT I,SCENE V,96659,96772
THE TRAGEDY OF MACBETH,ACT I,SCENE VI,96775,96834
THE TRAGEDY OF MACBETH,ACT I,SCENE VII,96837,96965
THE TRAGEDY OF MACBETH,ACT II,SCENE I,96968,97085
THE TRAGEDY OF MACBETH,ACT II,SCENE II,97088,97239
THE TRAGEDY OF MACBETH,ACT II,SCENE III,97242,97542
THE TRAGEDY OF MACBETH,ACT II,SCENE IV,97545,97648
THE TRAGEDY OF MACBETH,ACT III,SCENE I,97651,97895
THE TRAGEDY OF MACBETH,ACT III,SCENE II,97898,97996
THE TRAGEDY OF MACBETH,ACT III,SCENE III,97999,98079
THE TRAGEDY OF MACBETH,ACT III,SCENE IV,98082,98377
THE TRAGEDY OF MACBETH,ACT III,SCENE V,98380,98430
THE TRAGEDY OF MACBETH,ACT III,SCENE VI,98433,98504
THE TRAGEDY OF MACBETH,ACT IV,SCENE I,98507,98818
THE TRAGEDY OF MACBETH,ACT IV,SCENE II,98821,99007
THE TRAGEDY OF MACBETH,ACT IV,SCENE III,99010,99430
THE TRAGEDY OF MACBETH,ACT V,SCENE I,99433,99569
THE TRAGEDY OF MACBETH,ACT V,SCENE II,99572,99633
THE TRAGEDY OF MACBETH,ACT V,SCENE III,99636,99760
THE TRAGEDY OF MACBETH,ACT V,SCENE IV,99763,99814
THE TRAGEDY OF MACBETH,ACT V,SCENE V,99817,99910
THE TRAGEDY OF MACBETH,ACT V,SCENE VI,99913,99934
THE TRAGEDY OF MACBETH,ACT V,SCENE VII,99937,100013
THE TRAGEDY OF MACBETH,ACT V,SCENE VIII,100016,100176
MEASURE FOR MEASURE,ACT I,SCENE I,100253,100383
MEASURE FOR MEASURE,ACT I,SCENE II,100386,100728
MEASURE FOR MEASURE,ACT I,SCENE III,100731,100805
MEASURE FOR MEASURE,ACT I,SCENE IV,100808,100986
MEASURE FOR MEASURE,ACT II,SCENE I,100990,101482
MEASURE FOR MEASURE,ACT II,SCENE II,101485,101867
MEASURE FOR MEASURE,ACT II,SCENE III,101870,101967
MEASURE FOR MEASURE,ACT II,SCENE IV,101970,102286
MEASURE FOR MEASURE,ACT III,SCENE I,102290,102714
MEASURE FOR MEASURE,ACT III,SCENE II,102717,103141
MEASURE FOR MEASURE,ACT IV,SCENE I,103145,103294
MEASURE FOR MEASURE,ACT IV,SCENE II,103297,103650
MEASURE FOR MEASURE,ACT IV,SCENE III,103653,103971
MEASURE FOR MEASURE,ACT IV,SCENE IV,103974,104027
MEASURE FOR MEASURE,ACT IV,SCENE V,104030,104057
MEASURE FOR MEASURE,ACT IV,SCENE VI,104060,104099
MEASURE FOR MEASURE,ACT V,SCENE I,104103,105060
THE DUKE OF VENICE,ACT I,SCENE I,105134,105391
THE DUKE OF VENICE,ACT I,SCENE II,105394,105554
THE DUKE OF VENICE,ACT I,SCENE III,105557,105838
THE DUKE OF VENICE,ACT II,SCENE I,105841,105909
THE DUKE OF VENICE,ACT II,SCENE II,105912,106217
THE DUKE OF VENICE,ACT II,SCENE III,106220,106252
THE DUKE OF VENICE,ACT II,SCENE IV,106255,106343
THE DUKE OF VENICE,ACT II,SCENE V,106346,106439
THE DUKE OF VENICE,ACT II,SCENE VI,106442,106572
THE DUKE OF VENICE,ACT II,SCENE VII,106575,106679
THE DUKE OF VENICE,ACT II,SCENE VIII,106682,106762
THE DUKE OF VENICE,ACT II,SCENE IX,106765,106919
THE DUKE OF VENICE,ACT III,SCENE I,106922,107105
THE DUKE OF VENICE,ACT III,SCENE II,107108,107550
THE DUKE OF VENICE,ACT III,SCENE III,107553,107615
THE DUKE OF VENICE,ACT III,SCENE IV,107618,107739
THE DUKE OF VENICE,ACT III,SCENE V,107742,107881
THE DUKE OF VENICE,ACT IV,SCENE I,107884,108642
THE DUKE OF VENICE,ACT IV,SCENE II,108645,108689
THE DUKE OF VENICE,ACT V,SCENE I,108692,109231
SIR JOHN FALSTAFF,ACT I,SCENE I,109311,109848
SIR JOHN FALSTAFF,ACT I,SCENE II,109851,109870
SIR JOHN FALSTAFF,ACT I,SCENE III,109873,110054
SIR JOHN FALSTAFF,ACT I,SCENE IV,110057,110344
SIR JOHN FALSTAFF,ACT II,SCENE I,110348,110699
SIR JOHN FALSTAFF,ACT II,SCENE II,110702,111117
SIR JOHN FALSTAFF,ACT II,SCENE III,111120,111298
SIR JOHN FALSTAFF,ACT III,SCENE I,111302,111511
SIR JOHN FALSTAFF,ACT III,SCENE II,111514,111658
SIR JOHN FALSTAFF,ACT III,SCENE III,111661,112065
SIR JOHN FALSTAFF,ACT III,SCENE IV,112068,112273
SIR JOHN FALSTAFF,ACT III,SCENE V,112276,112498
SIR JOHN FALSTAFF,ACT IV,SCENE I,112502,112669
SIR JOHN FALSTAFF,ACT IV,SCENE II,112672,113049
SIR JOHN FALSTAFF,ACT IV,SCENE III,113052,113071
SIR JOHN FALSTAFF,ACT IV,SCENE IV,113074,113224
SIR JOHN FALSTAFF,ACT IV,SCENE V,113227,113436
SIR JOHN FALSTAFF,ACT IV,SCENE VI,113439,113516
SIR JOHN FALSTAFF,ACT V,SCENE I,113520,113560
SIR JOHN FALSTAFF,ACT V,SCENE II,113563,113584
SIR JOHN FALSTAFF,ACT V,SCENE III,113587,113632
SIR JOHN FALSTAFF,ACT V,SCENE IV,113635,113643
SIR JOHN FALSTAFF,ACT V,SCENE V,113646,114054
SIR JOHN FALSTAFF,ACT I,SCENE I,114056,114056
SIR JOHN FALSTAFF,ACT I,SCENE II,114058,114060
SIR JOHN FALSTAFF,ACT II,SCENE I,114062,114062
SIR JOHN FALSTAFF,ACT II,SCENE II,114064,114066
SIR JOHN FALSTAFF,ACT III,SCENE I,114068,114068
SIR JOHN FALSTAFF,ACT III,SCENE II,114070,114072
SIR JOHN FALSTAFF,ACT IV,SCENE I,114074,114074
SIR JOHN FALSTAFF,ACT IV,SCENE II,114076,114078
SIR JOHN FALSTAFF,ACT V,SCENE I,114080,114124
SIR JOHN FALSTAFF,ACT I,SCENE I,114128,114499
SIR JOHN FALSTAFF,ACT I,SCENE II,114502,114679
SIR JOHN FALSTAFF,ACT II,SCENE I,114683,115055
SIR JOHN FALSTAFF,ACT II,SCENE II,115058,115302
SIR JOHN FALSTAFF,ACT III,SCENE I,115306,115650
SIR JOHN FALSTAFF,ACT III,SCENE II,115653,116417
SIR JOHN FALSTAFF,ACT IV,SCENE I,116421,116770
SIR JOHN FALSTAFF,ACT IV,SCENE II,116773,116845
SIR JOHN FALSTAFF,ACT V,SCENE I,116849,117540
MUCH ADO ABOUT NOTHING,ACT V,SCENE IV,117617,117633
MUCH ADO ABOUT NOTHING,ACT I,SCENE I,117637,118131
MUCH ADO ABOUT NOTHING,ACT I,SCENE II,118134,118175
MUCH ADO ABOUT NOTHING,ACT I,SCENE III,118178,118287
MUCH ADO ABOUT NOTHING,ACT II,SCENE I,118291,118882
MUCH ADO ABOUT NOTHING,ACT II,SCENE II,118885,118960
MUCH ADO ABOUT NOTHING,ACT II,SCENE III,118963,119366
MUCH ADO ABOUT NOTHING,ACT III,SCENE I,119370,119555
MUCH ADO ABOUT NOTHING,ACT III,SCENE II,119558,119781
MUCH ADO ABOUT NOTHING,ACT III,SCENE III,119784,120063
MUCH ADO ABOUT NOTHING,ACT III,SCENE IV,120066,120231
MUCH ADO ABOUT NOTHING,ACT III,SCENE V,120234,120355
MUCH ADO ABOUT NOTHING,ACT IV,SCENE I,120359,120925
MUCH ADO ABOUT NOTHING,ACT IV,SCENE II,120928,121085
MUCH ADO ABOUT NOTHING,ACT V,SCENE I,121089,121645
MUCH ADO ABOUT NOTHING,ACT V,SCENE II,121648,121800
MUCH ADO ABOUT NOTHING,ACT V,SCENE III,121803,121865
MUCH ADO ABOUT NOTHING,ACT V,SCENE IV,121868,122139
DUKE OF VENICE,ACT I,SCENE I,122202,122493
DUKE OF VENICE,ACT I,SCENE II,122496,122689
DUKE OF VENICE,ACT I,SCENE III,122692,123294
DUKE OF VENICE,ACT II,SCENE I,123298,123811
DUKE OF VENICE,ACT II,SCENE II,123814,123828
DUKE OF VENICE,ACT II,SCENE III,123831,124448
DUKE OF VENICE,ACT III,SCENE I,124452,124580
DUKE OF VENICE,ACT III,SCENE II,124583,124601
DUKE OF VENICE,ACT III,SCENE III,124604,125487
DUKE OF VENICE,ACT III,SCENE IV,125490,125921
DUKE OF VENICE,ACT IV,SCENE I,125925,126550
DUKE OF VENICE,ACT IV,SCENE II,126553,127039
DUKE OF VENICE,ACT IV,SCENE III,127042,127254
DUKE OF VENICE,ACT V,SCENE I,127258,127589
DUKE OF VENICE,ACT V,SCENE II,127592,128423
"PERICLES, PRINCE OF TYRE",ACT V,SCENE III,128485,128545
"PERICLES, PRINCE OF TYRE",ACT I,SCENE I,128548,128798
"PERICLES, PRINCE OF TYRE",ACT I,SCENE II,128801,128979
"PERICLES, PRINCE OF TYRE",ACT I,SCENE III,128982,129047
"PERICLES, PRINCE OF TYRE",ACT I,SCENE IV,129050,129273
"PERICLES, PRINCE OF TYRE",ACT II,SCENE I,129276,129539
"PERICLES, PRINCE OF TYRE",ACT II,SCENE II,129541,129675
"PERICLES, PRINCE OF TYRE",ACT II,SCENE III,129678,129882
"PERICLES, PRINCE OF TYRE",ACT II,SCENE IV,129885,129985
"PERICLES, PRINCE OF TYRE",ACT II,SCENE V,129988,130245
"PERICLES, PRINCE OF TYRE",ACT III,SCENE I,130248,130388
"PERICLES, PRINCE OF TYRE",ACT III,SCENE II,130391,130609
"PERICLES, PRINCE OF TYRE",ACT III,SCENE III,130612,130684
"PERICLES, PRINCE OF TYRE",ACT III,SCENE IV,130687,130782
"PERICLES, PRINCE OF TYRE",ACT IV,SCENE I,130785,130979
"PERICLES, PRINCE OF TYRE",ACT IV,SCENE II,130982,131244
"PERICLES, PRINCE OF TYRE",ACT IV,SCENE III,131247,131334
"PERICLES, PRINCE OF TYRE",ACT IV,SCENE IV,131337,131405
"PERICLES, PRINCE OF TYRE",ACT IV,SCENE V,131408,131431
"PERICLES, PRINCE OF TYRE",ACT IV,SCENE VI,131434,131820
"PERICLES, PRINCE OF TYRE",ACT V,SCENE I,131822,132336
"PERICLES, PRINCE OF TYRE",ACT V,SCENE II,132339,132366
"PERICLES, PRINCE OF TYRE",ACT V,SCENE III,132368,132573
DUCHESS OF YORK,ACT I,SCENE I,132653,132922
DUCHESS OF YORK,ACT I,SCENE II,132925,133018
DUCHESS OF YORK,ACT I,SCENE III,133020,133480
DUCHESS OF YORK,ACT I,SCENE IV,133483,133587
DUCHESS OF YORK,ACT II,SCENE I,133591,134021
DUCHESS OF YORK,ACT II,SCENE II,134024,134263
DUCHESS OF YORK,ACT II,SCENE III,134266,134531
DUCHESS OF YORK,ACT II,SCENE IV,134534,134576
DUCHESS OF YORK,ACT III,SCENE I,134580,134643
DUCHESS OF YORK,ACT III,SCENE II,134646,134933
DUCHESS OF YORK,ACT III,SCENE III,134936,135235
DUCHESS OF YORK,ACT III,SCENE IV,135238,135414
DUCHESS OF YORK,ACT IV,SCENE I,135418,135936
DUCHESS OF YORK,ACT V,SCENE I,135940,136091
DUCHESS OF YORK,ACT V,SCENE II,136094,136325
DUCHESS OF YORK,ACT V,SCENE III,136328,136595
DUCHESS OF YORK,ACT V,SCENE IV,136598,136623
DUCHESS OF YORK,ACT V,SCENE V,136626,136801
DUCHESS OF YORK,ACT V,SCENE VI,136804,136901
SHERIFF OF WILTSHIRE,ACT I,SCENE I,137003,137242
SHERIFF OF WILTSHIRE,ACT I,SCENE II,137245,137726
SHERIFF OF WILTSHIRE,ACT I,SCENE III,137729,138328
SHERIFF OF WILTSHIRE,ACT I,SCENE IV,138331,138818
SHERIFF OF WILTSHIRE,ACT II,SCENE I,138822,139050
SHERIFF OF WILTSHIRE,ACT II,SCENE II,139053,139303
SHERIFF OF WILTSHIRE,ACT II,SCENE III,139306,139404
SHERIFF OF WILTSHIRE,ACT II,SCENE IV,139407,139565
SHERIFF OF WILTSHIRE,ACT III,SCENE I,139569,139956
SHERIFF OF WILTSHIRE,ACT III,SCENE II,139959,140201
SHERIFF OF WILTSHIRE,ACT III,SCENE III,140204,140251
SHERIFF OF WILTSHIRE,ACT III,SCENE IV,140254,140439
SHERIFF OF WILTSHIRE,ACT III,SCENE V,140442,140617
SHERIFF OF WILTSHIRE,ACT III,SCENE VI,140620,140639
SHERIFF OF WILTSHIRE,ACT III,SCENE VII,140642,141004
SHERIFF OF WILTSHIRE,ACT IV,SCENE I,141008,141184
SHERIFF OF WILTSHIRE,ACT IV,SCENE II,141187,141453
SHERIFF OF WILTSHIRE,ACT IV,SCENE III,141456,141554
SHERIFF OF WILTSHIRE,ACT IV,SCENE IV,141557,142525
SHERIFF OF WILTSHIRE,ACT IV,SCENE V,142528,142567
SHERIFF OF WILTSHIRE,ACT V,SCENE I,142571,142613
SHERIFF OF WILTSHIRE,ACT V,SCENE II,142616,142654
SHERIFF OF WILTSHIRE,ACT V,SCENE III,142657,143270
SHERIFF OF WILTSHIRE,ACT V,SCENE IV,143273,143301
SHERIFF OF WILTSHIRE,ACT V,SCENE V,143304,143378
THE TRAGEDY OF ROMEO AND JULIET,ACT V,SCENE III,143416,143483
THE TRAGEDY OF ROMEO AND JULIET,ACT I,SCENE I,143487,143938
THE TRAGEDY OF ROMEO AND JULIET,ACT I,SCENE II,143941,144115
THE TRAGEDY OF ROMEO AND JULIET,ACT I,SCENE III,144118,144293
THE TRAGEDY OF ROMEO AND JULIET,ACT I,SCENE IV,144296,144476
THE TRAGEDY OF ROMEO AND JULIET,ACT I,SCENE V,144479,144782
THE TRAGEDY OF ROMEO AND JULIET,ACT II,SCENE I,144785,144857
THE TRAGEDY OF ROMEO AND JULIET,ACT II,SCENE II,144860,145191
THE TRAGEDY OF ROMEO AND JULIET,ACT II,SCENE III,145194,145335
THE TRAGEDY OF ROMEO AND JULIET,ACT II,SCENE IV,145338,145706
THE TRAGEDY OF ROMEO AND JULIET,ACT II,SCENE V,145709,145832
THE TRAGEDY OF ROMEO AND JULIET,ACT II,SCENE VI,145835,145901
THE TRAGEDY OF ROMEO AND JULIET,ACT III,SCENE I,145905,146243
THE TRAGEDY OF ROMEO AND JULIET,ACT III,SCENE II,146246,146447
THE TRAGEDY OF ROMEO AND JULIET,ACT III,SCENE III,146450,146726
THE TRAGEDY OF ROMEO AND JULIET,ACT III,SCENE IV,146729,146784
THE TRAGEDY OF ROMEO AND JULIET,ACT III,SCENE V,146787,147203
THE TRAGEDY OF ROMEO AND JULIET,ACT IV,SCENE I,147207,147407
THE TRAGEDY OF ROMEO AND JULIET,ACT IV,SCENE II,147410,147506
THE TRAGEDY OF ROMEO AND JULIET,ACT IV,SCENE III,147509,147588
THE TRAGEDY OF ROMEO AND JULIET,ACT IV,SCENE IV,147591,147664
THE TRAGEDY OF ROMEO AND JULIET,ACT IV,SCENE V,147667,147923
THE TRAGEDY OF ROMEO AND JULIET,ACT V,SCENE I,147927,148057
THE TRAGEDY OF ROMEO AND JULIET,ACT V,SCENE II,148060,148113
THE TRAGEDY OF ROMEO AND JULIET,ACT V,SCENE III,148116,148643
THE TAMING OF THE SHREW,ACT V,SCENE I,148723,148945
THE TAMING OF THE SHREW,ACT V,SCENE II,148948,149195
THE TAMING OF THE SHREW,ACT I,SCENE I,149199,149600
THE TAMING OF THE SHREW,ACT I,SCENE II,149603,150068
THE TAMING OF THE SHREW,ACT II,SCENE I,150072,150823
THE TAMING OF THE SHREW,ACT III,SCENE I,150827,150994
THE TAMING OF THE SHREW,ACT III,SCENE II,150997,151439
THE TAMING OF THE SHREW,ACT IV,SCENE I,151443,151797
THE TAMING OF THE SHREW,ACT IV,SCENE II,151800,152041
THE TAMING OF THE SHREW,ACT IV,SCENE III,152044,152411
THE TAMING OF THE SHREW,ACT IV,SCENE IV,152414,152598
THE TAMING OF THE SHREW,ACT IV,SCENE V,152601,152747
THE TAMING OF THE SHREW,ACT V,SCENE I,152751,153071
THE TAMING OF THE SHREW,ACT V,SCENE II,153074,153511
THE TAMING OF THE SHREW,ACT I,SCENE I,153513,153513
THE TAMING OF THE SHREW,ACT V,SCENE I,153530,153570
MASTER OF A SHIP,ACT I,SCENE I,153578,153722
MASTER OF A SHIP,ACT I,SCENE II,153725,154626
MASTER OF A SHIP,ACT II,SCENE I,154630,155325
MASTER OF A SHIP,ACT II,SCENE II,155328,155599
MASTER OF A SHIP,ACT III,SCENE I,155603,155774
MASTER OF A SHIP,ACT III,SCENE II,155777,156060
MASTER OF A SHIP,ACT III,SCENE III,156063,156273
MASTER OF A SHIP,ACT IV,SCENE I,156277,156752
MASTER OF A SHIP,ACT V,SCENE I,156756,157347
THE LIFE OF TIMON OF ATHENS,ACT I,SCENE I,157433,158081
THE LIFE OF TIMON OF ATHENS,ACT I,SCENE II,158084,158551
THE LIFE OF TIMON OF ATHENS,ACT II,SCENE I,158555,158612
THE LIFE OF TIMON OF ATHENS,ACT II,SCENE II,158615,159087
THE LIFE OF TIMON OF ATHENS,ACT III,SCENE I,159091,159190
THE LIFE OF TIMON OF ATHENS,ACT III,SCENE II,159193,159329
THE LIFE OF TIMON OF ATHENS,ACT III,SCENE III,159332,159388
THE LIFE OF TIMON OF ATHENS,ACT III,SCENE IV,159391,159682
THE LIFE OF TIMON OF ATHENS,ACT III,SCENE V,159685,159867
THE LIFE OF TIMON OF ATHENS,ACT III,SCENE VI,159870,160107
THE LIFE OF TIMON OF ATHENS,ACT IV,SCENE I,160111,160157
THE LIFE OF TIMON OF ATHENS,ACT IV,SCENE II,160160,160239
THE LIFE OF TIMON OF ATHENS,ACT IV,SCENE III,160242,161147
THE LIFE OF TIMON OF ATHENS,ACT V,SCENE I,161151,161360
THE LIFE OF TIMON OF ATHENS,ACT V,SCENE II,161363,161561
THE LIFE OF TIMON OF ATHENS,ACT V,SCENE III,161564,161600
THE LIFE OF TIMON OF ATHENS,ACT V,SCENE IV,161603,161618
THE LIFE OF TIMON OF ATHENS,ACT V,SCENE V,161621,161768
THE TRAGEDY OF TITUS ANDRONICUS,ACT I,SCENE I,161847,162643
THE TRAGEDY OF TITUS ANDRONICUS,ACT II,SCENE I,162647,162852
THE TRAGEDY OF TITUS ANDRONICUS,ACT II,SCENE II,162854,162908
THE TRAGEDY OF TITUS ANDRONICUS,ACT II,SCENE III,162911,163409
THE TRAGEDY OF TITUS ANDRONICUS,ACT II,SCENE IV,163412,163498
THE TRAGEDY OF TITUS ANDRONICUS,ACT III,SCENE I,163502,163951
THE TRAGEDY OF TITUS ANDRONICUS,ACT III,SCENE II,163954,164078
THE TRAGEDY OF TITUS ANDRONICUS,ACT IV,SCENE I,164082,164293
THE TRAGEDY OF TITUS ANDRONICUS,ACT IV,SCENE II,164296,164625
THE TRAGEDY OF TITUS ANDRONICUS,ACT IV,SCENE III,164628,164814
THE TRAGEDY OF TITUS ANDRONICUS,ACT IV,SCENE IV,164817,164992
THE TRAGEDY OF TITUS ANDRONICUS,ACT V,SCENE I,164996,165241
THE TRAGEDY OF TITUS ANDRONICUS,ACT V,SCENE II,165244,165557
THE TRAGEDY OF TITUS ANDRONICUS,ACT V,SCENE III,165560,165895
TROILUS AND CRESSIDA,ACT I,SCENE I,166048,166243
TROILUS AND CRESSIDA,ACT I,SCENE II,166246,166799
TROILUS AND CRESSIDA,ACT I,SCENE III,166802,167315
TROILUS AND CRESSIDA,ACT II,SCENE I,167319,167598
TROILUS AND CRESSIDA,ACT II,SCENE II,167601,167876
TROILUS AND CRESSIDA,ACT II,SCENE III,167879,168350
TROILUS AND CRESSIDA,ACT III,SCENE I,168354,168661
TROILUS AND CRESSIDA,ACT III,SCENE II,168664,168980
TROILUS AND CRESSIDA,ACT III,SCENE III,168983,169463
TROILUS AND CRESSIDA,ACT IV,SCENE I,169467,169601
TROILUS AND CRESSIDA,ACT IV,SCENE II,169604,169831
TROILUS AND CRESSIDA,ACT IV,SCENE III,169834,169858
TROILUS AND CRESSIDA,ACT IV,SCENE IV,169861,170132
TROILUS AND CRESSIDA,ACT IV,SCENE V,170135,170716
TROILUS AND CRESSIDA,ACT V,SCENE I,170720,170911
TROILUS AND CRESSIDA,ACT V,SCENE II,170914,171381
TROILUS AND CRESSIDA,ACT V,SCENE III,171384,171624
TROILUS AND CRESSIDA,ACT V,SCENE IV,171627,171684
TROILUS AND CRESSIDA,ACT V,SCENE V,171687,171774
TROILUS AND CRESSIDA,ACT V,SCENE VI,171777,171867
TROILUS AND CRESSIDA,ACT V,SCENE VII,171870,171917
TROILUS AND CRESSIDA,ACT V,SCENE VIII,171920,171970
TROILUS AND CRESSIDA,ACT V,SCENE IX,171973,171999
TROILUS AND CRESSIDA,ACT V,SCENE X,172002,172097
TROILUS AND CRESSIDA,ACT V,SCENE I,172132,172157
TROILUS AND CRESSIDA,ACT I,SCENE I,172161,172223
TROILUS AND CRESSIDA,ACT I,SCENE II,172226,172337
TROILUS AND CRESSIDA,ACT I,SCENE III,172340,172591
TROILUS AND CRESSIDA,ACT I,SCENE IV,172594,172670
TROILUS AND CRESSIDA,ACT I,SCENE V,172673,173211
TROILUS AND CRESSIDA,ACT II,SCENE I,173215,173278
TROILUS AND CRESSIDA,ACT II,SCENE II,173281,173334
TROILUS AND CRESSIDA,ACT II,SCENE III,173337,173670
TROILUS AND CRESSIDA,ACT II,SCENE IV,173673,173897
TROILUS AND CRESSIDA,ACT II,SCENE V,173900,174252
TROILUS AND CRESSIDA,ACT III,SCENE I,174256,174551
TROILUS AND CRESSIDA,ACT III,SCENE II,174554,174679
TROILUS AND CRESSIDA,ACT III,SCENE III,174682,174767
TROILUS AND CRESSIDA,ACT III,SCENE IV,174770,175466
TROILUS AND CRESSIDA,ACT IV,SCENE I,175470,175597
TROILUS AND CRESSIDA,ACT IV,SCENE II,175600,175830
TROILUS AND CRESSIDA,ACT IV,SCENE III,175833,175886
TROILUS AND CRESSIDA,ACT V,SCENE I,175890,176593
THE TWO GENTLEMEN OF VERONA,ACT I,SCENE I,176659,176935
THE TWO GENTLEMEN OF VERONA,ACT I,SCENE II,176938,177246
THE TWO GENTLEMEN OF VERONA,ACT I,SCENE III,177249,177404
THE TWO GENTLEMEN OF VERONA,ACT II,SCENE I,177408,177756
THE TWO GENTLEMEN OF VERONA,ACT II,SCENE II,177759,177811
THE TWO GENTLEMEN OF VERONA,ACT II,SCENE III,177814,177895
THE TWO GENTLEMEN OF VERONA,ACT II,SCENE IV,177898,178322
THE TWO GENTLEMEN OF VERONA,ACT II,SCENE V,178325,178438
THE TWO GENTLEMEN OF VERONA,ACT II,SCENE VI,178441,178489
THE TWO GENTLEMEN OF VERONA,ACT II,SCENE VII,178492,178640
THE TWO GENTLEMEN OF VERONA,ACT III,SCENE I,178644,179292
THE TWO GENTLEMEN OF VERONA,ACT III,SCENE II,179295,179463
THE TWO GENTLEMEN OF VERONA,ACT IV,SCENE I,179467,179623
THE TWO GENTLEMEN OF VERONA,ACT IV,SCENE II,179626,179913
THE TWO GENTLEMEN OF VERONA,ACT IV,SCENE III,179916,179995
THE TWO GENTLEMEN OF VERONA,ACT IV,SCENE IV,179998,180317
THE TWO GENTLEMEN OF VERONA,ACT V,SCENE I,180321,180345
THE TWO GENTLEMEN OF VERONA,ACT V,SCENE II,180348,180489
THE TWO GENTLEMEN OF VERONA,ACT V,SCENE III,180492,180525
THE TWO GENTLEMEN OF VERONA,ACT V,SCENE IV,180528,180845
THE TWO NOBLE KINSMEN,ACT V,SCENE IV,180938,180977
THE TWO NOBLE KINSMEN,ACT I,SCENE I,180981,181366
THE TWO NOBLE KINSMEN,ACT I,SCENE II,181369,181546
THE TWO NOBLE KINSMEN,ACT I,SCENE III,181549,181694
THE TWO NOBLE KINSMEN,ACT I,SCENE IV,181697,181780
THE TWO NOBLE KINSMEN,ACT I,SCENE V,181783,181822
THE TWO NOBLE KINSMEN,ACT II,SCENE I,181826,181914
THE TWO NOBLE KINSMEN,ACT II,SCENE II,181917,182505
THE TWO NOBLE KINSMEN,ACT II,SCENE III,182508,182683
THE TWO NOBLE KINSMEN,ACT II,SCENE IV,182686,182724
THE TWO NOBLE KINSMEN,ACT II,SCENE V,182727,182887
THE TWO NOBLE KINSMEN,ACT II,SCENE VI,182890,182939
THE TWO NOBLE KINSMEN,ACT III,SCENE I,182943,183141
THE TWO NOBLE KINSMEN,ACT III,SCENE II,183144,183187
THE TWO NOBLE KINSMEN,ACT III,SCENE III,183190,183371
THE TWO NOBLE KINSMEN,ACT III,SCENE IV,183374,183408
THE TWO NOBLE KINSMEN,ACT III,SCENE V,183411,183725
THE TWO NOBLE KINSMEN,ACT III,SCENE VI,183728,184387
THE TWO NOBLE KINSMEN,ACT IV,SCENE I,184391,184772
THE TWO NOBLE KINSMEN,ACT IV,SCENE II,184775,185045
THE TWO NOBLE KINSMEN,ACT IV,SCENE III,185048,185178
THE TWO NOBLE KINSMEN,ACT V,SCENE I,185182,185436
THE TWO NOBLE KINSMEN,ACT V,SCENE II,185439,185798
THE TWO NOBLE KINSMEN,ACT V,SCENE III,185800,186072
THE TWO NOBLE KINSMEN,ACT V,SCENE IV,186075,186355
THE TWO NOBLE KINSMEN,ACT V,SCENE III,186380,186420
THE TWO NOBLE KINSMEN,ACT I,SCENE I,186423,186487
THE TWO NOBLE KINSMEN,ACT I,SCENE II,186490,187264
THE TWO NOBLE KINSMEN,ACT II,SCENE I,187267,187621
THE TWO NOBLE KINSMEN,ACT II,SCENE II,187624,187760
THE TWO NOBLE KINSMEN,ACT II,SCENE III,187763,188138
THE TWO NOBLE KINSMEN,ACT III,SCENE I,188141,188183
THE TWO NOBLE KINSMEN,ACT III,SCENE II,188186,188549
THE TWO NOBLE KINSMEN,ACT III,SCENE III,188552,188742
THE TWO NOBLE KINSMEN,ACT IV,SCENE I,188745,188782
THE TWO NOBLE KINSMEN,ACT IV,SCENE II,188785,188848
THE TWO NOBLE KINSMEN,ACT IV,SCENE III,188851,189042
THE TWO NOBLE KINSMEN,ACT IV,SCENE IV,189045,190440
THE TWO NOBLE KINSMEN,ACT V,SCENE I,190443,190853
THE TWO NOBLE KINSMEN,ACT V,SCENE II,190856,191082
THE TWO NOBLE KINSMEN,ACT V,SCENE III,191085,196393
